类型,代码,名称,价格,涨跌%,成交量,相对量,RSI,SAR,EMA20,50日均线,信号,AI点评
信号,BIO,"Bio-Rad Laboratories, Inc.",383.8,1.3,139686,0.54,61.33,多头,376.104,355.704,🎯 EMA20多头 + SAR多头 + T3形态突破,BIO现价383.8高于50日均线355.7，EMA20与SAR均呈多头，T3形态突破；RSI 61.33处中性偏强区间，未达超买。
信号,ICLR,ICON plc,170.36,3.94,629159,0.73,53.45,多头,167.329,167.308,🎯 EMA20多头 + SAR多头 + T3形态突破,ICLR现价170.36高于50日均线167.31，EMA20与SAR均呈多头，T3形态突破；RSI 53.45处中性区间，未超买，信号技术面可靠性尚可。
信号,INTC,Intel Corporation,125.785,2.6,76642815,0.74,72.15,多头,107.275,98.5,🎯 EMA20多头 + SAR多头 + T3形态突破,现价125.79远高于50日均线98.5，EMA20与SAR均呈多头，但RSI达72.15已入超买区，信号可靠性偏中性。
信号,NBIS,Nebius Group N.V.,246.63,8.83,17252096,1.17,59.26,多头,224.596,214.327,🎯 EMA20多头 + SAR多头 + T3形态突破,现价246.63高于50日均线214.33，EMA20与SAR均呈多头，T3形态突破；RSI 59.26处中性偏强区间，未超买，信号技术面一致性较好。
信号,P,"Everpure, Inc.",127.35,16.14,7466195,1.08,71.04,多头,103.601,94.179,🎯 EMA20多头 + SAR多头 + T3形态突破,现价127.35远高于50日均线94.18，EMA20与SAR均呈多头，T3形态突破有效；但RSI达71.04，已进入超买区，信号可靠性偏高但需留意短线过热。
信号,RVTY,"Revvity, Inc.",146.525,3.11,727980,0.36,70.34,多头,134.377,122.174,🎯 EMA20多头 + SAR多头 + T3形态突破,现价146.53高于50日均线122.17约20%，RSI 70.34接近超买区，EMA20与SAR多头信号一致，但短线偏热。
信号,SAIL,"SailPoint, Inc.",21.925,2.41,2851429,0.55,66.01,多头,19.77,18.23,🎯 EMA20多头 + SAR多头 + T3形态突破,现价21.93高于50日均线18.23，多头排列明显；RSI 66.01接近超买区但未破70，EMA20与SAR多头信号一致，T3突破可靠性中等偏强。
信号,TWST,Twist Bioscience Corporation,176.335,11.25,1968692,1.12,71.98,多头,144.833,122.851,🎯 EMA20多头 + SAR多头 + T3形态突破,TWST现价176.34远高于50日均线122.85，EMA20与SAR均呈多头，T3形态突破；但RSI达71.98，已进入超买区，信号可靠性需留意高位风险。
信号,WELL,Welltower Inc.,234.82,2.15,991930,0.36,49.99,多头,234.552,237.102,🎯 EMA20多头 + SAR多头 + T3形态突破,现价234.82略低于50日均线237.10，RSI 49.99处中性区间，无超买迹象；EMA20与SAR多头叠加T3突破，信号偏多但受均线压制，可靠性中等。
表格,SPCX,Space Exploration Technologies ,148.171,-0.13,48113690,0.54,54.37,空头,147.52,135.575,,
表格,ORCL,Oracle Corporation,138.836,-3.96,42951566,1.35,41.99,空头,147.249,141.973,,
表格,NOK,Nokia Corporation Sponsored,10.425,-1.93,42139567,0.49,50.15,多头,10.427,10.056,,
表格,GRAB,Grab Holdings Limited,3.13,-2.19,42054158,0.62,45.66,多头,3.159,3.405,,
表格,NVDA,NVIDIA Corporation,224.49,-0.45,38880313,0.3,54.75,空头,221.03,215.435,,
表格,NU,Nu Holdings Ltd.,13.555,-0.48,36736041,0.53,39.41,空头,14.279,14.385,,
表格,SOFI,"SoFi Technologies, Inc.",16.615,0.39,28769919,0.65,41.51,空头,17.304,17.595,,
表格,RKT,"Rocket Companies, Inc.",12.045,-0.86,27507752,0.88,36.2,空头,13.029,13.625,,
表格,F,Ford Motor Company,12.8,-1.08,26123351,0.55,35.56,空头,13.538,13.965,,
表格,WBD,"Warner Bros. Discovery, Inc. - ",30.745,-0.05,24345424,0.71,75.01,多头,28.769,27.595,,
表格,IONQ,"IonQ, Inc.",44.04,3.53,24250793,1.11,60.49,多头,40.141,39.439,,
表格,CDE,"Coeur Mining, Inc.",18.976,-1.78,24054343,0.7,44.5,空头,19.856,18.465,,
表格,META,"Meta Platforms, Inc.",772.355,3.8,23660786,1.07,80.08,多头,669.042,613.462,,
表格,CRWV,"CoreWeave, Inc.",90.7,4.37,22399883,0.8,54.52,空头,86.652,85.481,,
表格,PCG,Pacific Gas & Electric Co.,12.295,-0.93,22058281,0.37,27.78,空头,13.963,16.116,,
表格,STLA,Stellantis N.V.,4.525,-2.06,22004399,1.01,30.43,空头,5.087,5.421,,
表格,BAC,Bank of America Corporation,56.09,0.16,21196146,0.56,25.96,空头,59.381,61.408,,
表格,AGNC,AGNC Investment Corp.,9.76,-1.51,20756684,0.63,29.7,空头,10.199,10.533,,
表格,IREN,IREN LIMITED,46.32,-1.55,20438841,0.5,56.47,多头,44.146,41.024,,
表格,NKE,"Nike, Inc.",35.94,-0.31,20079130,0.62,36.64,多头,37.138,39.571,,
表格,GEN,Gen Digital Inc.,23.985,-8.56,19847812,2.98,26.08,空头,28.997,28.493,,
表格,AUR,"Aurora Innovation, Inc.",5.96,-5.7,19814394,0.62,42.12,空头,6.295,6.326,,
表格,HL,Hecla Mining Company,17.895,-2.05,19324804,0.54,43.21,空头,19.014,17.967,,
表格,BBD,Banco Bradesco Sa,3.395,-1.88,19036737,0.66,48.34,空头,3.433,3.41,,
表格,BMNR,"BitMine Immersion Technologies,",27.85,1.42,18942981,0.43,62.72,多头,25.116,21.295,,
表格,SMCI,"Super Micro Computer, Inc.",41.485,0.11,18540872,0.49,60.07,多头,38.804,34.66,,
表格,PFE,"Pfizer, Inc.",28.485,1.08,18390703,0.54,63.79,多头,27.812,26.791,,
表格,VALE,VALE S.A.,13.665,-1.12,18333394,0.62,35.23,空头,14.528,14.479,,
表格,AMZN,"Amazon.com, Inc.",249.46,0.08,17873207,0.51,44.29,空头,254.258,256.181,,
表格,HBAN,Huntington Bancshares Incorpora,15.32,-0.39,17709884,0.66,29.99,空头,16.279,16.977,,
表格,TSLA,"Tesla, Inc.",382.22,0.55,16846927,0.43,61.51,多头,365.319,348.713,,
表格,T,AT&T Inc.,25.575,1.09,16578395,0.44,52.69,空头,25.511,24.694,,
表格,RKLB,Rocket Lab Corporation,75.425,7.27,15790376,0.83,61.25,多头,68.097,69.39,,
表格,AMD,"Advanced Micro Devices, Inc.",625.705,1.81,15528698,0.74,72.41,多头,541.387,502.048,,
表格,PLTR,Palantir Technologies Inc.,193.29,0.78,14856014,0.54,67.78,多头,177.968,162.836,,
表格,CCL,Carnival Corporation Ltd.,21.985,0.85,14804986,0.68,32.84,空头,23.092,25.468,,
表格,WMT,Walmart Inc.,108.36,-1.96,14040138,0.6,50.46,多头,107.976,109.399,,
表格,RIVN,"Rivian Automotive, Inc.",15.45,2.86,14010246,0.66,46.95,空头,15.598,16.01,,
表格,BE,Bloom Energy Corporation,268.18,-2.55,13316593,0.83,56.81,空头,256.827,228.066,,
表格,MU,"Micron Technology, Inc.",1072.045,0.02,13221963,0.52,62.2,多头,996.85,936.864,,
表格,GOOGL,Alphabet Inc.,342.1,1.26,13148321,0.49,48.41,空头,343.964,344.336,,
表格,KGC,Kinross Gold Corporation,24.375,-11.75,12780712,1.74,30.49,空头,28.423,27.375,,
表格,HLN,Haleon plc,9.225,1.26,12640345,0.74,40.25,空头,9.452,9.746,,
表格,NVO,Novo Nordisk A/S,38.355,0.48,12552087,0.98,28.7,空头,42.702,45.781,,
表格,CPNG,"Coupang, Inc.",14.185,-0.67,12517113,0.78,34.64,空头,15.009,15.783,,
表格,LYG,Lloyds Banking Group Plc,5.665,0.44,12139108,0.94,37.87,空头,5.891,5.991,,
表格,MSTR,Strategy Inc,162.285,0.05,12038163,0.46,66.28,多头,140.882,116.386,,
表格,CMCSA,Comcast Corporation,22.115,-1.93,11798864,0.41,28.52,空头,24.178,24.904,,
表格,QXO,"QXO, Inc.",12.21,-0.57,11693783,0.71,43.75,多头,12.57,13.613,,
表格,AAPL,Apple Inc.,338.391,0.41,11669529,0.27,64.1,多头,329.449,321.63,,
表格,NFLX,"Netflix, Inc.",71.925,0.79,10814762,0.33,38.86,空头,75.675,75.605,,
表格,EQX,Equinox Gold Corp.,11.753,-2.46,10709141,0.84,45.87,多头,12.192,11.332,,
表格,AVGO,Broadcom Inc.,350.575,-1.24,10455614,0.38,42.45,多头,359.361,376.429,,
表格,ITUB,Itau Unibanco Banco Holding SA,8.102,-0.95,9636251,0.44,51.2,空头,8.105,8.002,,
表格,VZ,Verizon Communications Inc.,47.53,2.17,9617809,0.45,42.58,空头,48.722,48.029,,
表格,HOOD,"Robinhood Markets, Inc.",121.725,-0.79,9550142,0.42,60.0,多头,114.281,103.998,,
表格,PBR,Petroleo Brasileiro S.A. Petrob,20.99,-0.71,9199110,0.39,60.56,空头,20.379,18.9,,
表格,DKNG,DraftKings Inc.,21.425,0.82,8974494,0.76,34.63,空头,23.216,24.026,,
表格,HPE,Hewlett Packard Enterprise Comp,63.76,2.29,8861744,0.32,63.17,多头,58.065,53.477,,
表格,GOOG,Alphabet Inc.,338.055,0.92,8640714,0.49,47.58,空头,340.584,342.078,,
表格,MSFT,Microsoft Corporation,496.355,-0.85,8544160,0.4,53.43,多头,495.091,473.056,,
表格,PSKY,Paramount Skydance Corporation,10.095,1.36,8453283,0.4,46.66,空头,10.347,9.719,,
表格,KEY,KeyCorp,20.165,-0.37,8256218,0.63,28.91,空头,21.313,22.096,,
表格,MRNA,"Moderna, Inc.",184.0,1.04,8255112,0.49,72.4,多头,151.65,107.179,,
表格,VG,"Venture Global, Inc.",13.115,-1.17,8201974,0.56,39.63,空头,14.137,13.982,,
表格,CRCL,"Circle Internet Group, Inc.",92.24,0.57,7874796,0.5,54.0,多头,89.757,79.011,,
表格,UBER,"Uber Technologies, Inc.",69.375,-0.06,7719722,0.41,36.78,空头,72.213,73.393,,
表格,NEE,"NextEra Energy, Inc.",76.26,-0.99,7546895,0.68,21.22,空头,81.239,84.398,,
表格,INFY,Infosys Limited,10.515,-2.19,7524878,0.51,34.2,空头,11.254,11.693,,
表格,U,Unity Software Inc.,43.747,-0.8,7228360,0.81,57.39,多头,42.684,39.691,,
表格,KHC,The Kraft Heinz Company,23.91,0.5,7086133,0.29,39.99,空头,24.59,25.065,,
表格,CMG,"Chipotle Mexican Grill, Inc.",32.045,-2.03,6925082,0.56,32.78,空头,34.575,34.837,,
表格,FIG,"Figma, Inc.",21.48,-1.29,6923371,0.44,37.41,空头,23.49,24.535,,
表格,MRVL,"Marvell Technology, Inc.",260.29,-0.23,6685217,0.31,62.78,多头,238.325,219.124,,
表格,DVN,Devon Energy Corporation,48.935,1.86,6645476,0.54,55.1,空头,48.29,46.265,,
表格,GDDY,GoDaddy Inc.,100.78,4.57,6631290,3.06,53.06,多头,98.784,96.126,,
表格,TEM,"Tempus AI, Inc.",78.168,2.06,6545916,0.98,66.91,多头,69.547,58.662,,
表格,ROL,"Rollins, Inc.",30.48,-6.19,6462810,1.11,18.66,空头,34.168,37.031,,
表格,KVUE,Kenvue Inc.,17.685,0.08,6371605,0.23,37.32,空头,18.008,18.533,,
表格,SKHY,SK hynix Inc.,187.85,-0.76,6197794,0.32,54.98,多头,179.676,163.208,,
表格,XOM,ExxonMobil Holdings Corporation,162.465,0.77,6191268,0.41,51.91,空头,162.174,158.399,,
表格,CSCO,"Cisco Systems, Inc.",105.73,-0.66,6121874,0.37,39.52,空头,109.424,112.481,,
表格,KO,Coca-Cola Company (The),88.51,0.48,6013749,0.38,54.25,多头,87.997,86.864,,
表格,CP,Canadian Pacific Kansas City Li,88.195,-0.1,5942493,3.1,42.39,空头,89.653,91.383,,
表格,ARM,Arm Holdings plc,314.98,-5.29,5903759,1.2,63.41,多头,278.194,263.523,,
表格,ONON,On Holding AG,30.19,0.1,5894897,0.55,56.32,多头,28.755,31.952,,
表格,CNH,CNH Industrial N.V.,13.38,-2.69,5864448,0.23,57.26,空头,13.108,11.744,,
表格,OXY,Occidental Petroleum Corporatio,58.045,1.19,5830912,0.73,45.07,空头,59.325,58.044,,
表格,BSX,Boston Scientific Corporation,44.87,0.56,5707949,0.26,45.46,空头,45.393,46.858,,
表格,NLY,Annaly Capital Management Inc.,20.765,-1.31,5598894,0.66,25.23,空头,21.88,22.637,,
表格,B,Barrick Mining Corporation,41.985,-1.19,5589693,0.62,44.96,空头,43.308,41.677,,
表格,PEP,"Pepsico, Inc.",128.76,-1.09,5520101,0.61,26.38,空头,134.647,137.063,,
表格,WFC,Wells Fargo & Company,81.57,-0.4,5428933,0.39,33.41,空头,86.528,86.824,,
表格,ET,Energy Transfer LP,20.535,0.22,5386728,0.71,38.28,空头,21.026,20.763,,
表格,BA,Boeing Company (The),197.86,-1.04,5377517,0.87,36.63,空头,205.57,214.719,,
表格,PBR-A,Petroleo Brasileiro S.A. Petrob,19.065,-0.81,5336238,0.7,63.21,空头,18.409,16.93,,
表格,HDB,HDFC Bank Limited,22.92,0.57,5319263,0.45,48.62,多头,22.963,23.412,,
表格,SNDK,Sandisk Corporation,1768.54,-2.64,5316019,0.49,57.06,多头,1668.371,1509.723,,
表格,MCHP,Microchip Technology Incorporat,74.39,-1.51,5305461,0.65,50.18,多头,73.71,76.131,,
表格,ASTS,"AST SpaceMobile, Inc.",62.7,4.53,5225935,0.53,50.53,空头,61.766,62.691,,
表格,CVX,Chevron Corporation,206.59,0.53,5156626,0.52,50.96,空头,207.617,199.442,,
表格,COIN,"Coinbase Global, Inc.",198.37,0.12,5028343,0.49,58.96,多头,184.114,169.731,,
表格,APH,Amphenol Corporation,83.35,1.41,4950927,0.43,54.42,多头,80.349,,,
表格,INIO,INNIO N.V.,19.355,-3.18,4903773,0.96,41.15,多头,20.776,23.881,,
表格,PR,Permian Resources Corporation,21.76,0.37,4872651,0.45,41.49,空头,22.742,21.922,,
表格,CX,"Cemex, S.A.B. de C.V. Sponsored",9.565,-2.0,4828833,0.85,22.79,空头,10.401,11.185,,
表格,VICI,VICI Properties Inc.,23.275,-1.79,4779053,0.47,27.45,空头,24.474,25.435,,
表格,SAN,"Banco Santander, S.A. Sponsored",14.315,0.81,4751101,0.56,46.45,空头,14.553,14.372,,
表格,SLB,SLB Limited,51.81,-0.12,4747080,0.32,42.21,空头,53.598,52.304,,
表格,CRWD,"CrowdStrike Holdings, Inc.",262.08,-0.16,4726604,0.36,68.42,多头,230.746,210.846,,
表格,CSX,CSX Corporation,46.925,-0.56,4720269,0.46,36.18,空头,48.444,49.872,,
表格,FCX,"Freeport-McMoRan, Inc.",72.47,-0.15,4716970,0.36,52.68,空头,71.946,69.084,,
表格,O,Realty Income Corporation,55.285,-0.58,4715002,0.66,15.4,空头,58.852,61.765,,
表格,NOW,"ServiceNow, Inc.",138.92,-1.32,4684451,0.3,55.49,多头,136.212,125.177,,
表格,JHX,James Hardie Industries plc.,25.895,-3.56,4597074,0.37,36.04,空头,27.762,28.238,,
表格,CRM,"Salesforce, Inc.",239.43,0.78,4593501,0.27,54.45,空头,238.709,210.825,,
表格,HPQ,HP Inc.,31.46,-2.18,4546340,0.25,49.69,空头,32.115,29.383,,
表格,SHOP,Shopify Inc.,143.0,0.46,4536119,0.44,54.63,多头,138.238,137.567,,
表格,ON,ON Semiconductor Corporation,72.605,-2.02,4495777,0.44,47.27,空头,72.916,78.315,,
表格,QCOM,QUALCOMM Incorporated,193.785,-1.75,4493562,0.31,63.03,多头,181.776,168.984,,
表格,PYPL,"PayPal Holdings, Inc.",52.159,-0.67,4490959,0.32,39.32,空头,54.043,56.713,,
表格,PINS,"Pinterest, Inc.",18.47,0.11,4457277,0.3,35.68,空头,19.895,22.121,,
表格,BP,BP p.l.c.,45.075,1.31,4400205,0.43,54.89,空头,44.428,43.394,,
表格,GME,GameStop Corporation,24.785,2.42,4315843,0.48,83.25,多头,21.601,20.232,,
表格,SBS,Companhia de saneamento Basico ,5.17,0.0,4279519,0.45,50.29,空头,5.174,5.201,,
表格,ERIC,Ericsson,9.515,-2.21,4278573,0.5,35.59,空头,10.04,9.998,,
表格,MCD,McDonald's Corporation,239.705,0.58,4274726,0.76,28.9,空头,252.361,262.054,,
表格,WY,Weyerhaeuser Company,20.59,-2.74,4261260,0.72,23.27,空头,22.208,23.528,,
表格,MDT,Medtronic plc.,88.95,-0.39,4257763,0.47,41.91,空头,91.39,89.163,,
表格,BMY,Bristol-Myers Squibb Company,60.75,-0.65,4238968,0.44,31.5,空头,63.833,64.221,,
表格,C,"Citigroup, Inc.",132.18,0.19,4225134,0.45,44.12,空头,134.383,133.916,,
表格,DELL,Dell Technologies Inc.,538.16,-2.12,4214444,0.39,54.55,空头,528.823,472.296,,
表格,BABA,Alibaba Group Holding Limited,111.5,0.63,4208014,0.45,45.24,多头,113.215,117.979,,
表格,JD,"JD.com, Inc.",26.825,-1.23,4195900,0.72,35.89,空头,27.646,29.496,,
表格,TSM,Taiwan Semiconductor Manufactur,451.02,1.0,4097047,0.41,62.81,多头,431.38,418.4,,
表格,TME,Tencent Music Entertainment Gro,8.305,1.03,4086059,0.46,50.05,多头,8.207,8.733,,
表格,MO,"Altria Group, Inc.",69.115,0.24,4066863,0.49,55.04,多头,68.422,68.156,,
表格,GIS,"General Mills, Inc.",35.1,-2.01,3968652,0.41,34.87,空头,36.956,37.737,,
表格,FITB,Fifth Third Bancorp,51.23,-0.89,3928017,0.76,31.93,空头,53.78,55.766,,
表格,PSLV,"""Sprott Physical Silver Trust""",20.719,-1.2,3919043,0.6,45.68,多头,21.258,20.676,,
表格,RF,Regions Financial Corporation,27.225,-0.6,3877149,0.5,22.88,空头,29.198,30.319,,
表格,UPS,"United Parcel Service, Inc.",92.439,-3.53,3832074,0.88,29.38,空头,99.397,103.835,,
表格,TJX,"TJX Companies, Inc. (The)",132.28,0.52,3823569,0.42,45.48,多头,131.831,143.934,,
表格,BKNG,Booking Holdings Inc. Common St,156.525,0.4,3812471,0.47,22.52,空头,176.434,191.263,,
表格,MNST,Monster Beverage Corporation,42.89,-2.32,3807081,0.41,34.31,多头,44.584,46.277,,
表格,KR,Kroger Company (The),58.97,2.31,3689417,0.51,51.32,多头,58.858,57.772,,
表格,DIS,Walt Disney Company (The),105.12,1.6,3688390,0.45,49.86,空头,105.399,103.216,,
表格,ELAN,Elanco Animal Health Incorporat,22.185,-1.71,3660831,0.71,35.43,空头,23.221,24.182,,
表格,DASH,"DoorDash, Inc.",187.66,-0.85,3656015,0.95,31.85,空头,202.639,205.413,,
表格,CVE,Cenovus Energy Inc,31.625,1.75,3644870,0.53,48.3,空头,32.128,30.729,,
表格,STM,STMicroelectronics N.V.,51.83,-1.2,3622815,0.49,48.51,多头,50.845,,,
表格,FPS,"Forgent Power Solutions, Inc.",39.5,-0.95,3600103,0.36,60.77,多头,35.293,35.117,,
表格,IAG,Iamgold Corporation,19.29,-3.02,3562276,0.68,47.29,空头,19.843,18.125,,
表格,AEG,Aegon Ltd. New York Registry Sh,8.825,0.86,3555647,0.8,41.61,空头,8.999,9.012,,
表格,KLAC,KLA Corporation,186.81,-0.56,3528538,0.37,53.37,多头,180.743,190.13,,
表格,SCHW,Charles Schwab Corporation (The,98.88,-0.62,3514019,0.39,30.97,空头,105.312,106.584,,
表格,CRDO,Credo Technology Group Holding ,194.01,0.07,3514000,0.38,50.92,多头,186.981,209.86,,
表格,TSCO,Tractor Supply Company,31.625,-2.06,3488326,0.4,34.75,空头,33.294,33.166,,
表格,COO,"The Cooper Companies, Inc.",55.355,-1.28,3474265,0.77,30.18,多头,60.678,69.046,,
表格,WDC,Western Digital Corporation,459.14,-3.07,3398593,0.53,50.07,空头,454.139,474.199,,
表格,VTRS,Viatris Inc.,17.148,0.16,3391071,0.42,59.08,多头,16.821,16.791,,
表格,UMC,United Microelectronics Corpora,24.22,-1.86,3378941,0.28,61.68,多头,22.698,20.495,,
表格,XP,XP Inc.,20.565,-1.51,3345056,0.45,66.27,多头,19.458,17.747,,
表格,ABNB,"Airbnb, Inc.",151.215,1.09,3332767,0.68,29.5,空头,168.641,167.531,,
表格,FSLR,"First Solar, Inc.",177.11,-7.74,3320651,1.61,32.86,空头,201.56,212.086,,
表格,IVZ,Invesco Ltd,30.38,-1.17,3309290,0.88,42.42,空头,31.331,31.23,,
表格,CVNA,Carvana Co.,64.07,0.19,3309205,0.49,38.88,空头,68.596,69.091,,
表格,EQT,EQT Corporation,51.01,-0.1,3284397,0.45,37.56,空头,52.532,52.857,,
表格,BX,Blackstone Inc.,117.238,-1.7,3282982,0.93,29.35,空头,128.95,133.529,,
表格,CRH,CRH PLC,84.32,-1.07,3269054,0.7,30.55,空头,89.44,95.097,,
表格,KMI,"Kinder Morgan, Inc.",31.34,-0.1,3262182,0.25,48.4,多头,31.425,31.646,,
表格,TOST,"Toast, Inc.",29.665,-0.49,3233126,0.37,31.49,空头,31.967,32.946,,
表格,AVTR,"Avantor, Inc.",15.1,2.3,3221804,0.39,56.42,空头,14.896,13.787,,
表格,FAST,Fastenal Company,50.97,-0.04,3205121,0.51,60.73,多头,49.731,49.19,,
表格,DOW,Dow Inc.,28.69,0.14,3177341,0.36,42.38,空头,29.478,29.933,,
表格,EQNR,Equinor ASA,43.1,0.47,3172245,1.0,51.57,空头,43.257,41.213,,
表格,HST,"Host Hotels & Resorts, Inc.",22.185,0.16,3134456,0.39,45.82,空头,22.263,23.152,,
表格,OKTA,"Okta, Inc.",210.79,2.64,3128931,0.66,72.86,多头,178.884,156.412,,
表格,GLW,Corning Incorporated,155.33,0.55,3113023,0.35,50.63,空头,153.973,152.651,,
表格,MDLN,Medline Inc.,34.64,0.99,3111077,0.39,51.94,多头,33.839,35.908,,
表格,DT,"Dynatrace, Inc.",59.12,1.04,3060753,0.45,72.09,多头,53.883,49.44,,
表格,LVS,Las Vegas Sands Corp.,38.625,-1.44,3055333,0.52,21.95,空头,42.178,44.821,,
表格,CPRT,"Copart, Inc.",28.12,-2.6,3054018,0.3,33.84,空头,30.601,30.487,,
表格,HD,"Home Depot, Inc. (The)",292.275,-1.5,3051468,0.74,25.1,空头,310.039,327.262,,
表格,LRCX,Lam Research Corporation,303.71,-1.16,3030404,0.34,51.53,多头,298.14,304.319,,
表格,CVS,CVS Health Corporation,84.665,-1.39,3027318,0.45,22.85,空头,92.134,97.706,,
表格,RBLX,Roblox Corporation,49.785,1.62,3007655,0.29,62.3,多头,46.326,43.449,,
表格,CNQ,Canadian Natural Resources Limi,48.185,1.14,2990248,0.42,45.12,空头,49.381,47.819,,
表格,DHR,Danaher Corporation,222.42,0.39,2979481,0.82,67.03,多头,211.071,205.066,,
表格,XEL,Xcel Energy Inc.,70.09,-0.81,2972347,0.52,27.24,空头,73.811,76.521,,
表格,GM,General Motors Company,81.385,-2.85,2941936,0.41,41.2,空头,84.802,85.062,,
表格,SHEL,Shell PLC,96.0,0.62,2906942,0.45,58.74,空头,94.354,91.258,,
表格,JPM,JP Morgan Chase & Co.,337.4,-0.04,2903018,0.4,33.34,空头,349.48,353.322,,
表格,AES,The AES Corporation,14.847,0.25,2901602,0.38,63.16,多头,14.797,14.734,,
表格,CNP,"CenterPoint Energy, Inc (Holdin",37.0,-0.43,2891576,0.45,27.97,空头,38.748,40.412,,
表格,BEKE,KE Holdings Inc,16.7,0.66,2820331,0.55,47.52,空头,16.82,17.027,,
表格,DOC,"Healthpeak Properties, Inc.",20.32,-0.78,2808742,0.58,43.66,多头,20.565,21.085,,
表格,BAX,Baxter International Inc.,23.615,0.53,2770704,0.46,40.31,多头,24.263,25.062,,
表格,TEVA,Teva Pharmaceutical Industries ,39.77,1.95,2728466,0.54,62.56,多头,38.031,35.791,,
表格,IR,Ingersoll Rand Inc.,75.25,-1.27,2716415,0.65,47.41,多头,75.11,80.121,,
表格,MDLZ,"Mondelez International, Inc.",60.965,-0.77,2708307,0.33,43.67,空头,61.831,62.077,,
表格,LITE,Lumentum Holdings Inc.,931.494,-0.59,2670191,0.6,53.44,多头,910.019,854.406,,
表格,BKR,Baker Hughes Company,57.65,-0.65,2669153,0.32,37.64,空头,59.52,60.541,,
表格,APA,APA Corporation,43.97,0.62,2641292,0.48,53.47,空头,43.82,40.538,,
表格,NI,NiSource Inc,39.23,-0.05,2638228,0.5,27.38,空头,40.884,42.54,,
表格,RCL,Royal Caribbean Cruises Ltd.,242.78,5.42,2636189,1.01,34.94,空头,256.656,283.943,,
表格,PPL,PPL Corporation,32.145,-0.33,2612801,0.38,26.61,空头,33.696,34.675,,
表格,HAL,Halliburton Company,32.98,-0.09,2611172,0.23,37.08,空头,34.671,34.161,,
表格,TU,Telus Corporation,8.465,-0.41,2596200,0.42,22.48,空头,9.092,9.602,,
表格,NEM,Newmont Corporation,121.05,-2.02,2595236,0.32,48.0,空头,123.483,114.075,,
表格,AR,Antero Resources Corporation,35.63,-0.06,2590730,0.69,41.74,空头,36.947,36.575,,
表格,DAL,"Delta Air Lines, Inc.",82.76,1.24,2588225,0.39,54.11,多头,80.938,84.125,,
表格,EXC,Exelon Corporation,40.48,-0.52,2584853,0.34,24.04,空头,42.738,44.37,,
表格,USB,U.S. Bancorp,58.27,-0.36,2577992,0.34,30.64,空头,61.235,62.858,,
表格,ROIV,Roivant Sciences Ltd.,36.365,-1.24,2568797,0.24,43.66,多头,38.084,36.332,,
表格,ARCC,Ares Capital Corporation,19.18,0.16,2540567,0.57,46.61,空头,19.328,19.114,,
表格,LUV,Southwest Airlines Company,41.48,1.07,2530312,0.45,54.01,多头,40.472,42.893,,
表格,PG,Procter & Gamble Company (The),146.82,-0.39,2515756,0.3,53.41,多头,146.018,145.941,,
表格,JNJ,Johnson & Johnson,270.67,0.56,2502726,0.39,56.11,空头,268.458,263.36,,
表格,MRK,"Merck & Company, Inc.",148.362,0.19,2482966,0.25,58.45,多头,145.997,138.725,,
表格,IBM,International Business Machines,228.585,-1.79,2466715,0.45,43.67,空头,235.28,229.592,,
表格,FRO,Frontline Plc,48.1,1.14,2442820,0.66,63.53,空头,45.899,40.521,,
表格,KDP,Keurig Dr Pepper Inc.,31.31,-1.42,2427109,0.25,48.16,空头,31.539,31.171,,
表格,D,"Dominion Energy, Inc.",60.85,-0.52,2419518,0.51,23.91,空头,64.251,66.843,,
表格,ZTO,ZTO Express (Cayman) Inc.,19.59,-0.1,2409228,0.95,31.41,空头,20.734,22.319,,
表格,BN,Brookfield Corporation,36.63,-1.24,2404647,0.54,27.76,空头,38.709,41.296,,
表格,BCS,Barclays PLC,24.378,0.36,2398969,0.59,33.34,空头,25.844,26.918,,
表格,GILD,"Gilead Sciences, Inc.",150.83,-0.36,2393622,0.41,63.01,多头,147.126,140.119,,
表格,LEN,Lennar Corporation,81.21,-0.38,2374552,0.57,48.16,多头,81.271,83.93,,
表格,CRBG,Corebridge Financial Inc.,33.95,0.18,2374471,0.62,53.95,空头,33.874,32.81,,
表格,XYL,Xylem Inc.,103.23,-4.98,2358851,0.91,31.87,空头,108.617,114.41,,
表格,VIK,Viking Holdings Ltd,81.11,1.01,2351347,0.59,34.02,空头,86.446,94.516,,
表格,VRT,"Vertiv Holdings, LLC",245.7,-1.24,2330892,0.43,43.71,空头,254.386,267.737,,
表格,NYT,New York Times Company (The),63.59,2.75,2330713,0.77,38.65,空头,67.553,68.976,,
表格,UAL,"United Airlines Holdings, Inc.",111.465,0.67,2309136,0.63,49.17,多头,110.907,116.55,,
表格,MS,Morgan Stanley,196.325,-1.04,2295780,0.5,32.12,空头,207.751,212.641,,
表格,UNH,UnitedHealth Group Incorporated,372.76,0.4,2291516,0.46,36.91,空头,383.588,399.094,,
表格,PANW,"Palo Alto Networks, Inc.",393.225,-0.02,2283039,0.32,62.29,多头,364.985,355.763,,
表格,COHR,Coherent Corp.,296.75,-1.28,2263300,0.36,49.67,多头,297.199,296.512,,
表格,TFC,Truist Financial Corporation,47.01,0.02,2258215,0.31,31.19,空头,49.463,50.87,,
表格,JBS,JBS N.V.,11.275,-2.04,2256689,0.45,22.07,空头,12.477,13.048,,
表格,CCI,Crown Castle Inc.,68.3,-2.75,2246141,0.7,29.94,空头,73.102,74.383,,
表格,FISV,"Fiserv, Inc.",45.4,-1.2,2231119,0.33,30.63,空头,49.51,51.692,,
表格,COP,ConocoPhillips,129.62,1.19,2208408,0.32,47.31,空头,132.0,126.209,,
表格,CMS,CMS Energy Corporation,63.26,0.17,2207390,0.74,20.19,空头,66.675,69.672,,
表格,ACGL,Arch Capital Group Ltd.,95.68,0.55,2180807,0.56,41.18,空头,97.14,99.042,,
表格,MFG,"Mizuho Financial Group, Inc. Sp",10.53,-1.96,2175665,0.71,43.53,空头,10.888,10.637,,
表格,SU,Suncor Energy  Inc.,69.11,1.66,2155206,0.45,55.9,空头,68.053,65.809,,
表格,AFRM,"Affirm Holdings, Inc.",70.51,3.55,2137197,0.35,45.67,空头,71.948,74.134,,
表格,NWG,NatWest Group plc,18.15,1.34,2133563,0.75,44.88,空头,18.549,18.44,,
表格,SO,Southern Company (The),83.345,-0.15,2115159,0.34,23.47,空头,87.053,90.639,,
表格,CHYM,"Chime Financial, Inc.",26.45,-0.04,2099463,0.26,33.23,空头,30.829,28.95,,
表格,APP,Applovin Corporation,318.305,0.97,2087444,0.42,45.92,多头,322.357,348.492,,
表格,BSP,Bending Spoons S.p.A.,33.8,-2.42,2083379,1.25,34.66,空头,38.805,39.092,,
表格,ASX,"ASE Technology Holding Co., Ltd",43.805,-0.28,2068706,0.31,66.05,多头,39.946,38.192,,
表格,APO,"Apollo Global Management, Inc. ",120.13,-3.4,2062771,0.83,34.08,空头,128.104,128.649,,
表格,BIDU,"Baidu, Inc.",88.11,-1.86,2042886,0.81,36.45,空头,92.715,100.026,,
表格,PDD,PDD Holdings Inc.,78.14,-1.34,2032204,0.29,37.42,多头,80.674,84.782,,
表格,AMAT,"Applied Materials, Inc.",471.08,-0.7,2024113,0.31,51.48,多头,460.365,491.421,,
表格,TCOM,Trip.com Group Limited,39.77,-2.12,2023068,0.5,34.56,多头,41.309,43.709,,
表格,BTI,British American Tobacco  Indus,56.14,0.52,2016234,0.37,48.27,多头,56.116,57.835,,
表格,NWSA,News Corporation,28.445,1.16,2007901,0.44,38.86,空头,29.638,29.13,,
表格,V,Visa Inc.,366.03,1.25,1998787,0.33,46.08,空头,370.039,367.52,,
表格,SBUX,Starbucks Corporation,93.17,-1.03,1989785,0.3,24.25,空头,99.369,103.45,,
表格,CARR,Carrier Global Corporation,55.0,-0.18,1988439,0.28,34.65,空头,56.962,61.267,,
表格,TECK,Teck Resources Ltd,65.795,-1.5,1970034,0.67,48.11,空头,66.544,64.494,,
表格,VLO,Valero Energy Corporation,389.56,3.65,1953478,0.56,58.76,空头,379.438,342.994,,
表格,CFG,"Citizens Financial Group, Inc.",64.37,-0.37,1946486,0.56,29.13,空头,68.469,70.789,,
表格,BHP,BHP Group Limited,85.09,0.16,1941774,0.84,41.26,多头,87.487,86.918,,
表格,AZN,AstraZeneca PLC,165.73,1.47,1936616,0.62,53.05,多头,163.756,164.103,,
表格,SGI,Somnigroup International Inc.,62.21,-1.05,1923417,0.48,38.85,空头,65.163,66.771,,
表格,INVH,Invitation Homes Inc.,26.565,-1.36,1923333,0.37,20.79,空头,27.899,29.24,,
表格,FIS,Fidelity National Information S,34.65,-0.06,1917938,0.31,25.46,空头,37.792,40.584,,
表格,VST,Vistra Corp.,138.956,0.71,1913235,0.44,43.56,空头,142.073,145.685,,
表格,INTU,Intuit Inc.,280.29,-2.27,1900033,0.46,31.06,空头,318.373,324.84,,
表格,IBKR,"Interactive Brokers Group, Inc.",89.8,-1.92,1889328,0.49,47.24,多头,90.987,91.341,,
表格,CTSH,Cognizant Technology Solutions ,57.17,-3.33,1878507,0.3,41.95,空头,60.282,56.745,,
表格,IOT,Samsara Inc.,38.68,-1.02,1874703,0.24,47.72,空头,39.487,38.686,,
表格,ACN,Accenture plc,179.83,-2.01,1872743,0.39,47.73,空头,183.988,173.814,,
表格,ENB,Enbridge Inc,47.538,-0.65,1871689,0.31,31.48,空头,49.108,51.345,,
表格,CSGP,"CoStar Group, Inc.",27.59,-2.37,1868073,0.25,34.0,空头,30.073,30.442,,
表格,AGI,Alamos Gold Inc.,34.055,-1.26,1865320,0.53,44.22,空头,35.323,33.37,,
表格,PHYS,"""Sprott Physical Gold Trust""",32.245,-0.42,1863088,0.43,43.23,空头,32.905,32.535,,
表格,SNY,Sanofi,41.028,-1.52,1862908,0.83,30.64,空头,43.029,43.791,,
表格,ABT,Abbott Laboratories,101.85,-1.58,1859212,0.21,37.07,多头,105.093,106.684,,
表格,FE,FirstEnergy Corp.,43.465,-0.42,1853114,0.45,24.9,空头,45.593,46.941,,
表格,SYY,Sysco Corporation,78.42,1.66,1850142,0.46,39.56,空头,80.412,82.272,,
表格,PAYX,"Paychex, Inc.",102.97,-1.45,1839623,0.62,24.12,空头,116.044,118.365,,
表格,CCJ,Cameco Corporation,89.33,-1.62,1809109,0.61,37.52,空头,94.863,94.704,,
表格,ORLY,"O'Reilly Automotive, Inc.",86.6,0.81,1807243,0.29,48.97,多头,86.424,88.393,,
表格,CL,Colgate-Palmolive Company,85.88,-0.06,1795131,0.36,34.15,空头,88.114,90.465,,
表格,KMB,Kimberly-Clark Corporation,97.555,-0.15,1792531,0.38,30.2,空头,101.099,105.763,,
表格,AA,Alcoa Corporation,42.78,-2.82,1792401,0.49,31.91,空头,47.259,47.968,,
表格,TXG,"10x Genomics, Inc.",82.36,8.91,1788966,0.66,73.55,多头,70.163,58.807,,
表格,SW,Smurfit WestRock plc,45.6,-1.91,1774356,0.39,50.01,多头,45.408,46.395,,
表格,WMB,"Williams Companies, Inc. (The)",70.675,-0.61,1766212,0.21,42.03,空头,72.223,72.363,,
表格,TMUS,"T-Mobile US, Inc.",165.38,-0.17,1764826,0.36,34.73,空头,174.849,179.209,,
表格,SWKS,"Skyworks Solutions, Inc.",89.1,-2.57,1757091,0.21,63.12,多头,81.395,70.501,,
表格,AS,"Amer Sports, Inc.",26.98,0.3,1755539,0.22,36.23,多头,28.466,32.111,,
表格,FTNT,"Fortinet, Inc.",180.19,0.81,1740354,0.37,65.92,多头,167.386,161.147,,
表格,AMRZ,Amrize Ltd,37.28,-1.64,1735811,0.4,26.71,空头,40.705,45.322,,
表格,PGR,Progressive Corporation (The),201.54,-0.78,1724934,0.79,31.56,空头,214.252,214.102,,
表格,DUK,Duke Energy Corporation (Holdin,113.91,-0.23,1720855,0.46,26.29,空头,118.635,122.105,,
表格,SMMT,Summit Therapeutics Inc.,16.395,-0.33,1716148,0.27,52.16,空头,16.436,14.78,,
表格,KKR,KKR & Co. Inc.,95.35,-1.91,1706708,0.47,35.68,空头,101.411,103.922,,
表格,GFI,Gold Fields Limited,39.67,-2.82,1699605,0.47,39.51,空头,42.783,39.647,,
表格,GE,GE Aerospace,322.905,0.97,1699492,0.4,42.71,空头,327.153,345.996,,
表格,CBRS,Cerebras Systems Inc.,207.355,1.03,1698921,0.28,53.65,空头,199.007,202.204,,
表格,EXE,Expand Energy Corporation,86.88,-0.18,1694118,0.57,28.73,空头,92.226,93.268,,
表格,GLPI,"Gaming and Leisure Properties, ",38.49,-1.94,1691177,0.38,27.6,空头,40.505,42.162,,
表格,UBS,UBS Group AG Registered,47.91,0.36,1684318,0.93,27.55,空头,51.973,53.078,,
表格,BEN,"Franklin Templeton, Inc.",32.465,-0.75,1684156,0.49,39.68,空头,33.455,33.661,,
表格,SRE,DBA Sempra,78.06,-1.19,1681616,0.42,30.06,空头,82.546,85.986,,
表格,TWLO,Twilio Inc.,301.56,3.74,1677888,0.85,77.57,多头,247.368,224.592,,
表格,PAAS,Pan American Silver Corp.,47.305,-1.67,1676602,0.43,42.6,空头,49.589,48.315,,
表格,LULU,lululemon athletica inc.,100.71,-1.54,1644588,0.2,41.32,空头,105.0,114.059,,
表格,HUT,Hut 8 Corp.,102.16,-0.29,1640216,0.35,58.24,多头,93.73,93.369,,
表格,COF,Capital One Financial Corporati,195.29,-0.41,1634163,0.48,30.9,空头,207.191,212.063,,
表格,PEG,Public Service Enterprise Group,67.04,-0.4,1615070,0.49,20.42,空头,71.1,74.185,,
表格,TAK,Takeda Pharmaceutical Company L,18.575,-1.25,1609039,0.74,55.82,多头,18.463,17.809,,
表格,ARES,Ares Management Corporation,120.3,-0.97,1604814,0.75,32.65,空头,129.702,132.481,,
表格,NET,"Cloudflare, Inc.",367.198,4.22,1581047,0.5,68.95,多头,320.487,296.766,,
表格,EL,"Estee Lauder Companies, Inc. (T",97.23,-1.62,1577154,0.51,52.15,多头,96.957,91.918,,
表格,ANET,"Arista Networks, Inc.",205.95,1.22,1576430,0.32,59.71,多头,196.693,188.813,,
表格,STX,Seagate Technology Holdings PLC,913.46,-1.13,1559914,0.42,58.48,多头,851.868,844.64,,
表格,DB,Deutsche Bank AG,35.63,-0.67,1559482,0.8,32.06,空头,38.566,37.983,,
表格,SUNB,"Sunbelt Rentals Holdings, Inc.",72.415,-1.85,1548578,0.18,47.65,多头,72.832,74.609,,
表格,CLS,"Celestica, Inc.",373.48,3.22,1546430,0.72,64.63,多头,331.138,324.013,,
表格,SE,Sea Limited,101.97,-1.28,1536161,0.43,37.81,空头,107.531,111.277,,
表格,RDDT,"Reddit, Inc.",152.615,0.42,1527841,0.32,47.02,空头,155.261,161.067,,
表格,XYZ,"Block, Inc.",76.11,1.91,1525933,0.38,41.94,空头,78.635,80.324,,
表格,SONY,Sony Group Corporation,23.028,-0.74,1516919,0.4,42.33,空头,23.711,23.235,,
表格,ABBV,AbbVie Inc.,263.623,-0.55,1508393,0.36,57.6,多头,260.342,256.397,,
表格,EIX,Edison International,53.08,-0.8,1506308,0.2,30.95,空头,58.495,67.849,,
表格,FLUT,Flutter Entertainment plc,82.69,-3.73,1497948,0.52,28.03,空头,94.77,99.456,,
表格,WEC,"WEC Energy Group, Inc.",101.88,0.7,1495387,0.63,34.88,空头,104.811,107.842,,
表格,FOXA,Fox Corporation,63.96,0.0,1493686,0.29,45.4,空头,65.435,63.289,,
表格,BCE,"BCE, Inc.",21.485,-0.58,1467487,0.4,28.33,空头,22.535,22.424,,
表格,TECH,Bio-Techne Corp,72.58,0.08,1457880,0.53,65.85,多头,72.307,72.124,,
表格,ILMN,"Illumina, Inc.",267.93,4.91,1455798,0.4,74.96,多头,227.221,207.875,,
表格,GSK,GSK plc,49.75,0.08,1454633,0.52,46.85,多头,50.172,50.757,,
表格,VOD,Vodafone Group Plc,16.525,1.07,1447202,0.44,47.9,空头,16.79,16.214,,
表格,DDOG,"Datadog, Inc.",256.075,1.82,1440483,0.39,61.83,多头,235.258,242.91,,
表格,ALAB,"Astera Labs, Inc.",365.66,1.44,1439143,0.36,64.51,多头,311.758,304.235,,
表格,ADBE,Adobe Inc.,237.815,-1.19,1437244,0.25,37.81,空头,254.911,257.392,,
表格,ED,"Consolidated Edison, Inc.",103.58,0.95,1413792,0.72,38.58,空头,105.957,107.806,,
表格,AMCR,Amcor plc,42.12,-1.59,1413654,0.42,38.33,空头,43.431,44.665,,
表格,VMRK,Vivmark Residential,61.19,-0.16,1412164,0.22,31.65,空头,63.929,65.971,,
表格,EQH,"Equitable Holdings, Inc.",52.47,0.38,1410309,0.45,53.24,空头,52.431,50.671,,
表格,ING,"ING Group, N.V.",36.135,0.6,1402918,0.82,51.45,空头,36.242,35.039,,
表格,CNC,Centene Corporation,61.675,-0.65,1396693,0.3,39.45,空头,65.215,65.185,,
表格,BUD,Anheuser-Busch Inbev SA Sponsor,78.09,1.34,1394335,0.56,45.14,空头,78.829,80.42,,
表格,CTAS,Cintas Corporation,198.24,3.27,1389059,0.72,48.07,空头,199.101,202.046,,
表格,KIM,Kimco Realty Corporation (HC),22.225,0.07,1388786,0.23,22.42,空头,23.086,24.131,,
表格,GH,"Guardant Health, Inc.",176.475,0.09,1382757,0.77,59.08,多头,169.654,162.027,,
表格,RTO,Rentokil Initial plc,20.705,-3.29,1362541,0.87,20.15,空头,22.497,24.606,,
表格,EPD,Enterprise Products Partners L.,37.53,-0.11,1361578,0.56,39.29,空头,38.487,38.332,,
表格,RVMD,"Revolution Medicines, Inc.",192.335,0.84,1353821,0.66,39.05,空头,200.409,199.505,,
表格,HBM,Hudbay Minerals Inc.,26.41,-1.42,1351316,0.36,47.33,空头,26.897,25.991,,
表格,LOW,"Lowe's Companies, Inc.",188.23,-1.64,1347322,0.43,26.98,空头,198.372,207.755,,
表格,SNOW,Snowflake Inc.,335.735,0.28,1344425,0.24,54.9,多头,330.32,314.455,,
表格,GS,"Goldman Sachs Group, Inc. (The)",922.345,-1.5,1341275,0.66,32.59,空头,984.517,1024.478,,
表格,SF,Stifel Financial Corporation,69.82,-2.93,1340060,1.18,21.39,空头,77.252,80.256,,
表格,AKAM,"Akamai Technologies, Inc.",113.435,-4.23,1334830,0.41,53.49,多头,110.136,113.465,,
表格,EBAY,eBay Inc.,108.183,-0.83,1330514,0.25,51.55,多头,107.654,107.82,,
表格,ALLY,Ally Financial Inc.,38.395,-0.48,1321446,0.37,25.65,空头,41.196,42.98,,
表格,IP,International Paper Company,35.02,-1.9,1318624,0.26,40.89,多头,36.138,38.574,,
表格,BBY,"Best Buy Co., Inc.",90.995,0.21,1304101,0.28,55.82,多头,89.39,86.205,,
表格,MET,"MetLife, Inc.",97.87,0.69,1303332,0.44,56.27,多头,96.859,95.972,,
表格,A,"Agilent Technologies, Inc.",170.947,3.4,1295803,0.51,76.33,多头,154.65,147.324,,
表格,GFS,GlobalFoundries Inc.,46.57,0.32,1290360,0.32,47.66,多头,46.468,49.505,,
表格,ZTS,Zoetis Inc.,70.363,-1.74,1286008,0.27,34.05,空头,73.413,75.048,,
表格,PAA,"Plains All American Pipeline, L",24.77,1.35,1280497,0.48,45.71,空头,25.19,24.544,,
表格,EXPE,"Expedia Group, Inc.",258.835,-0.08,1280201,0.63,32.36,空头,287.41,297.476,,
表格,CG,The Carlyle Group Inc.,39.36,-1.4,1279939,0.39,27.24,空头,43.12,45.987,,
表格,UDR,"UDR, Inc.",33.63,-0.47,1278236,0.33,19.82,空头,35.224,37.144,,
表格,DINO,HF Sinclair Corporation,108.81,2.52,1276048,0.47,58.23,空头,106.436,96.479,,
表格,SMTC,Semtech Corporation,173.48,2.45,1271612,0.32,59.68,多头,158.426,139.055,,
表格,BBIO,"BridgeBio Pharma, Inc.",66.38,1.02,1270855,0.54,22.79,多头,71.781,78.438,,
表格,LLY,Eli Lilly and Company,1187.966,3.21,1269062,0.53,56.86,多头,1159.651,1176.234,,
表格,IBN,ICICI Bank Limited,27.895,-0.05,1262448,0.24,33.87,空头,28.908,29.547,,
表格,PCAR,PACCAR Inc.,110.965,-1.0,1262118,0.43,19.89,空头,120.228,126.75,,
表格,W,Wayfair Inc.,98.085,-1.42,1260708,0.53,46.16,空头,100.873,98.441,,
表格,CBRE,CBRE Group Inc,137.53,0.82,1254517,0.69,41.89,空头,141.953,145.021,,
表格,PM,Philip Morris International Inc,191.52,0.36,1253666,0.3,53.7,多头,189.753,189.884,,
表格,LYB,LyondellBasell Industries NV,60.505,0.89,1240606,0.35,41.27,空头,62.913,62.236,,
表格,FHN,First Horizon Corporation,23.035,0.07,1235383,0.26,29.44,空头,24.145,24.87,,
表格,MUFG,"Mitsubishi UFJ Financial Group,",22.58,-1.05,1225047,0.44,45.03,空头,23.121,22.707,,
表格,HRL,Hormel Foods Corporation,19.899,-0.11,1222063,0.2,23.12,空头,21.304,23.41,,
表格,OVV,Ovintiv Inc. (DE),60.18,0.75,1219550,0.38,39.9,空头,62.945,62.382,,
表格,UL,Unilever PLC,62.395,0.38,1217032,0.34,46.69,空头,62.809,62.94,,
表格,AXP,American Express Company,302.46,0.17,1215530,0.45,27.93,空头,320.005,334.05,,
表格,EW,Edwards Lifesciences Corporatio,86.5,-0.37,1214947,0.38,42.81,多头,88.022,88.335,,
表格,NVS,Novartis AG,143.635,0.65,1213369,0.47,44.08,空头,145.409,151.842,,
表格,OKE,"ONEOK, Inc.",90.94,0.44,1212659,0.32,40.4,空头,93.608,92.58,,
表格,NXPI,NXP Semiconductors N.V.,231.129,-1.83,1212081,0.35,50.88,多头,228.55,236.598,,
表格,GEHC,GE HealthCare Technologies Inc.,65.65,-0.67,1198100,0.37,42.4,多头,66.716,68.308,,
表格,TGT,Target Corporation,157.26,0.64,1190742,0.32,50.51,空头,157.847,152.622,,
表格,INSM,Insmed Incorporated,119.835,1.26,1183668,0.58,46.42,多头,122.572,118.771,,
表格,NTAP,"NetApp, Inc.",199.56,1.65,1171732,0.46,59.45,多头,192.328,186.07,,
表格,TXN,Texas Instruments Incorporated,271.07,-0.57,1165607,0.19,54.44,多头,265.555,271.526,,
表格,RELX,RELX PLC PLC,33.56,1.02,1165049,0.55,43.48,空头,34.426,34.913,,
表格,COST,Costco Wholesale Corporation,898.02,-0.74,1163228,0.56,38.98,多头,913.4,935.068,,
表格,ALL,Allstate Corporation (The),227.616,0.87,1162167,0.67,27.88,空头,249.514,256.215,,
表格,EOG,"EOG Resources, Inc.",142.1,0.18,1161212,0.35,44.2,空头,145.236,144.472,,
表格,RTX,RTX Corporation,191.675,-0.27,1160164,0.29,28.54,空头,199.221,207.592,,
表格,FANG,"Diamondback Energy, Inc.",188.505,1.54,1154874,0.36,39.58,空头,197.499,198.873,,
表格,BAM,Brookfield Asset Management Inc,44.445,-1.8,1153172,0.47,29.81,空头,47.489,49.313,,
表格,GFL,GFL Environmental Inc. Subordin,42.08,0.43,1152430,0.41,50.67,多头,42.148,41.278,,
表格,EGO,Eldorado Gold Corporation,41.99,-1.98,1148548,0.36,50.61,多头,42.321,38.77,,
表格,CLX,Clorox Company (The),82.95,-1.18,1136870,0.33,25.71,多头,90.082,97.139,,
表格,AMKR,"Amkor Technology, Inc.",52.66,-1.24,1132287,0.26,53.44,多头,50.384,53.212,,
表格,BRK-B,Berkshire Hathaway Inc. New,507.26,0.02,1111430,0.24,49.71,空头,508.099,505.782,,
表格,CTVA,"Corteva, Inc.",79.47,-1.18,1109927,0.23,40.96,空头,82.18,82.597,,
表格,PLD,"Prologis, Inc.",134.17,0.16,1106336,0.33,41.11,多头,136.063,139.906,,
表格,AON,Aon plc,276.975,-1.64,1103060,0.56,23.27,空头,309.835,340.665,,
表格,PSX,Phillips 66,261.72,2.04,1097729,0.34,60.03,空头,255.902,233.051,,
表格,ZS,"Zscaler, Inc.",215.57,0.52,1095513,0.3,70.83,多头,188.869,171.693,,
表格,WPM,Wheaton Precious Metals Corp,143.75,-1.17,1093989,0.58,46.84,空头,148.248,135.374,,
表格,AEP,American Electric Power Company,118.04,-0.3,1086116,0.28,29.58,空头,121.906,125.37,,
表格,JCI,Johnson Controls International ,145.79,-0.08,1076525,0.34,54.88,多头,143.193,144.411,,
表格,DKS,Dick's Sporting Goods Inc,134.01,1.25,1070435,0.18,40.53,空头,137.452,170.873,,
表格,LIN,Linde plc,469.525,-0.04,1064657,0.54,45.65,多头,470.553,484.941,,
表格,FDX,FedEx Corporation,281.8,-3.33,1060915,0.69,25.68,空头,307.783,315.967,,
表格,HONA,Honeywell Aerospace Inc.,161.45,-1.15,1055854,0.25,51.09,空头,163.301,176.308,,
表格,ARMK,Aramark,54.42,-2.42,1046225,0.46,32.84,空头,57.119,57.684,,
表格,CDNS,"Cadence Design Systems, Inc.",320.295,3.63,1043977,0.39,58.11,多头,301.193,320.482,,
表格,DECK,Deckers Outdoor Corporation,78.885,0.38,1031611,0.3,36.54,多头,82.465,91.329,,
表格,NRG,"NRG Energy, Inc.",99.12,-1.59,1031367,0.38,31.45,空头,109.197,119.314,,
表格,SHW,Sherwin-Williams Company (The),322.36,-1.26,1029796,0.63,40.54,多头,328.474,338.413,,
表格,TSN,"Tyson Foods, Inc.",51.29,-0.14,1022796,0.27,34.76,空头,53.173,55.807,,
表格,AHR,"American Healthcare REIT, Inc.",52.4,1.35,1014055,0.31,38.88,空头,53.678,55.13,,
表格,RMBS,"Rambus, Inc.",104.86,1.34,1013642,0.39,66.26,多头,91.013,93.086,,
表格,MKC,"McCormick & Company, Incorporat",48.355,-1.5,1012968,0.33,29.91,空头,50.943,52.351,,
表格,NTR,Nutrien Ltd.,74.61,-0.69,1010482,0.38,47.51,空头,76.14,72.119,,
表格,CF,"CF Industries Holdings, Inc.",119.495,-0.95,1008936,0.38,38.86,空头,128.278,125.113,,
表格,VTR,"Ventas, Inc.",87.59,1.1,1005613,0.28,38.83,空头,89.268,92.165,,
表格,ADM,Archer-Daniels-Midland Company,82.28,0.16,1003029,0.25,46.14,空头,83.921,82.317,,
表格,ALB,Albemarle Corporation,109.33,-3.65,1002737,0.41,34.49,空头,119.872,124.096,,
表格,NDAQ,"Nasdaq, Inc.",94.72,-0.75,1001046,0.33,52.06,多头,94.003,94.545,,
表格,BBVA,Banco Bilbao Vizcaya Argentaria,28.525,1.55,995817,0.87,49.44,空头,28.701,28.056,,
表格,AMH,American Homes 4 Rent,30.73,-0.65,992903,0.37,29.53,空头,31.826,32.944,,
表格,TMO,Thermo Fisher Scientific Inc,674.1,1.32,988369,0.47,73.8,多头,633.04,598.681,,
表格,MAS,Masco Corporation,67.46,-1.03,986672,0.43,36.34,空头,69.776,73.34,,
表格,CAT,"Caterpillar, Inc.",806.15,-0.72,986518,0.42,46.99,多头,809.328,832.39,,
表格,ECHO,EchoStar Corporation,91.56,-1.25,977689,0.32,50.34,多头,91.635,89.788,,
表格,FWONK,Liberty Media Corporation - Ser,94.43,1.27,977488,0.47,41.25,空头,96.566,99.252,,
表格,HALO,"Halozyme Therapeutics, Inc.",113.72,1.14,973274,0.48,70.2,多头,108.274,98.2,,
表格,AMT,American Tower Corporation (REI,168.53,-1.32,961656,0.41,38.33,空头,174.27,172.961,,
表格,GEV,GE Vernova Inc.,956.65,0.51,960968,0.42,51.5,空头,942.251,976.609,,
表格,BWA,BorgWarner Inc.,59.375,-1.94,960853,0.49,34.25,空头,63.735,64.785,,
表格,NXT,Nextpower Inc.,79.81,-2.44,959392,0.45,40.13,空头,83.868,92.12,,
表格,GMAB,Genmab A/S,34.525,-0.65,958952,0.5,61.93,多头,33.688,31.757,,
表格,RIO,Rio Tinto Plc,94.29,-1.01,947438,0.53,36.37,空头,98.619,97.388,,
表格,BNY,The Bank of New York Mellon Cor,149.625,0.08,941029,0.27,29.56,空头,156.794,159.052,,
表格,DOCU,"DocuSign, Inc.",68.93,-0.81,935427,0.24,59.4,空头,66.848,60.784,,
表格,BALL,Ball Corporation,57.365,-2.47,934687,0.49,27.08,空头,60.758,62.354,,
表格,FNF,"Fidelity National Financial, In",41.62,-0.55,931158,0.38,24.39,空头,44.083,47.432,,
表格,MA,Mastercard Incorporated,561.455,0.27,925728,0.35,42.38,空头,570.483,567.994,,
表格,LNG,"Cheniere Energy, Inc.",276.45,1.04,925712,0.42,51.71,多头,275.549,270.98,,
表格,ICE,Intercontinental Exchange Inc.,156.36,0.01,919974,0.29,51.58,空头,156.3,153.28,,
表格,DRI,"Darden Restaurants, Inc.",210.605,-1.44,918947,0.82,47.68,空头,212.447,211.384,,
表格,ADSK,"Autodesk, Inc.",212.35,-2.21,908166,0.37,38.48,空头,225.573,233.639,,
表格,HSBC,"HSBC Holdings, plc.",100.15,-0.1,907210,0.7,41.07,空头,102.885,103.183,,
表格,NTNX,"Nutanix, Inc.",68.38,-1.87,907089,0.32,56.36,空头,67.762,63.771,,
表格,ADI,"Analog Devices, Inc.",382.76,-0.64,899402,0.26,58.36,多头,371.187,372.164,,
表格,MPC,Marathon Petroleum Corporation,397.726,2.41,896332,0.29,58.06,空头,391.045,352.713,,
表格,DHI,"D.R. Horton, Inc.",140.17,0.0,893832,0.35,46.0,多头,141.273,145.111,,
表格,NTRA,"Natera, Inc.",403.5,3.25,876597,0.64,82.13,多头,349.165,311.273,,
表格,YUM,"Yum! Brands, Inc.",138.73,-1.35,866236,0.39,39.95,空头,143.622,147.676,,
表格,TTMI,"TTM Technologies, Inc.",128.4,2.05,860189,0.46,55.32,多头,121.559,124.897,,
表格,MMM,3M Company,169.39,-0.53,858198,0.3,50.39,多头,168.433,172.711,,
表格,LNT,Alliant Energy Corporation,63.59,-0.16,854990,0.39,23.32,空头,66.695,69.459,,
表格,TSEM,Tower Semiconductor Ltd.,223.51,-3.03,853713,0.47,51.87,多头,218.168,225.958,,
表格,MT,Arcelor Mittal NY Registry Shar,71.41,-0.71,831411,0.73,43.17,空头,73.52,72.08,,
表格,APG,APi Group Corporation,38.215,1.04,823523,0.22,44.02,空头,38.549,40.079,,
表格,HON,Honeywell International Inc.,212.89,0.15,820441,0.26,49.66,多头,210.828,223.735,,
表格,MRSH,Marsh,169.34,-0.61,819470,0.32,28.5,空头,179.071,184.992,,
表格,RJF,"Raymond James Financial, Inc.",157.29,-0.59,816897,0.62,27.23,空头,169.035,173.718,,
表格,RYAAY,Ryanair Holdings plc,54.26,-0.79,814425,0.58,47.24,多头,54.323,56.685,,
表格,AEE,Ameren Corporation,99.827,0.09,806865,0.55,26.04,空头,103.89,107.118,,
表格,AEM,Agnico Eagle Mines Limited,192.87,-1.38,806574,0.34,47.63,空头,197.277,180.906,,
表格,FLEX,Flex Ltd.,113.76,1.3,804714,0.24,51.52,多头,111.583,115.645,,
表格,SYK,Stryker Corporation,270.39,-1.1,804677,0.26,29.17,多头,290.617,317.309,,
表格,AIG,"American International Group, I",75.335,-0.32,803383,0.19,47.44,多头,75.552,76.738,,
表格,SNN,"Smith & Nephew SNATS, Inc.",26.685,-0.5,802228,0.41,30.32,空头,28.073,29.511,,
表格,OTIS,Otis Worldwide Corporation,67.168,-1.69,798942,0.18,39.21,空头,69.365,71.197,,
表格,CHTR,"Charter Communications, Inc.",115.625,-0.84,794588,0.29,30.79,空头,136.458,142.715,,
表格,EMR,Emerson Electric Company,155.625,0.67,794384,0.35,56.97,多头,151.696,151.83,,
表格,EFX,"Equifax, Inc.",150.44,-3.14,788456,0.59,25.79,空头,168.692,177.194,,
表格,TS,Tenaris S.A.,56.34,1.02,783425,0.71,53.0,空头,55.948,55.555,,
表格,ARXS,"Arxis, Inc.",52.18,1.99,781455,1.02,51.78,多头,51.738,51.335,,
表格,CI,The Cigna Group,265.285,-1.11,778845,0.53,36.58,空头,277.162,279.888,,
表格,LOGI,Logitech International S.A. - R,99.93,-4.51,776052,1.07,50.14,空头,99.978,100.295,,
表格,RBRK,"Rubrik, Inc.",113.68,-1.64,773924,0.19,66.42,多头,101.336,91.014,,
表格,GPN,Global Payments Inc.,83.765,-0.28,772349,0.31,38.29,空头,87.499,87.32,,
表格,TRP,TC Energy Corporation,59.69,-0.85,771824,0.33,32.32,空头,61.734,64.218,,
表格,SYF,Synchrony Financial,70.64,-0.04,770843,0.24,29.81,空头,75.62,76.773,,
表格,ZM,"Zoom Communications, Inc.",90.245,-1.8,770037,0.22,39.58,空头,94.647,97.088,,
表格,RPRX,Royalty Pharma plc,58.19,0.94,768574,0.24,42.45,空头,59.397,59.313,,
表格,CEG,Constellation Energy Corporatio,263.625,-0.1,767244,0.27,43.68,空头,270.981,271.444,,
表格,EMBJ,Embraer S.A.,76.27,1.11,765762,0.65,59.35,多头,74.607,72.206,,
表格,WM,"Waste Management, Inc.",207.95,0.03,758675,0.32,31.46,空头,214.899,223.45,,
表格,TPR,"Tapestry, Inc.",112.28,1.6,758316,0.22,31.6,空头,119.54,133.862,,
表格,ZBH,"Zimmer Biomet Holdings, Inc.",89.68,-1.32,758109,0.39,35.69,空头,95.357,96.059,,
表格,TRU,TransUnion,68.73,-3.13,758007,0.32,26.53,空头,76.348,79.388,,
表格,KNX,Knight-Swift Transportation Hol,66.17,-1.49,750299,0.21,41.61,空头,68.018,70.066,,
表格,VLTO,Veralto Corp,97.135,1.31,746336,0.45,54.77,多头,96.048,96.089,,
表格,HWM,Howmet Aerospace Inc.,232.42,1.59,741863,0.18,38.54,空头,240.43,264.972,,
表格,AU,AngloGold Ashanti PLC,97.74,-1.01,741139,0.28,41.62,空头,103.205,96.865,,
表格,CCEP,Coca-Cola Europacific Partners ,100.305,0.62,740868,0.43,37.22,空头,103.49,106.275,,
表格,AME,"AMETEK, Inc.",246.81,0.15,739075,0.53,59.32,多头,239.421,241.747,,
表格,ENTG,"Entegris, Inc.",146.98,-2.62,736103,0.35,55.9,多头,139.949,138.902,,
表格,DXCM,"DexCom, Inc.",87.125,-0.69,733665,0.18,50.98,多头,87.283,84.616,,
表格,WTRG,"Essential Utilities, Inc.",40.03,-0.37,730013,0.28,41.16,空头,40.938,40.301,,
表格,CHRW,"C.H. Robinson Worldwide, Inc.",147.02,-1.77,729477,0.54,40.32,空头,151.403,158.58,,
表格,TTWO,"Take-Two Interactive Software, ",207.36,0.5,727463,0.25,36.89,空头,216.546,230.951,,
表格,EVRG,"Evergy, Inc.",78.13,-0.37,724548,0.33,31.85,空头,80.575,82.355,,
表格,PNC,"PNC Financial Services Group, I",222.335,-0.76,724190,0.44,24.93,空头,237.193,245.943,,
表格,ALC,Alcon Inc.,64.695,-1.06,718965,0.48,31.35,空头,67.833,70.077,,
表格,DOCN,"DigitalOcean Holdings, Inc.",142.94,1.23,712939,0.26,61.29,多头,127.793,123.058,,
表格,ETR,Entergy Corporation,98.795,-0.44,711864,0.25,26.86,空头,103.899,107.297,,
表格,TEAM,Atlassian Corporation,193.96,-0.57,711569,0.19,65.71,多头,183.883,150.484,,
表格,CIEN,Ciena Corporation,361.25,1.5,710171,0.26,49.57,多头,356.673,378.56,,
表格,FTAI,FTAI Aviation Ltd.,179.71,-3.39,709698,0.51,40.62,空头,191.136,203.286,,
表格,HLT,Hilton Worldwide Holdings Inc.,311.97,1.55,696552,0.42,48.56,多头,311.233,318.443,,
表格,PRU,"Prudential Financial, Inc.",119.17,1.34,695637,0.43,50.58,空头,119.007,119.669,,
表格,USFD,US Foods Holding Corp.,94.66,0.78,687409,0.28,35.45,多头,97.928,101.754,,
表格,MLM,"Martin Marietta Materials, Inc.",483.02,-1.51,683979,0.85,34.59,空头,506.281,531.477,,
表格,DLTR,"Dollar Tree, Inc.",114.69,1.35,678733,0.22,38.28,空头,119.494,125.569,,
表格,ASML,ASML Holding N.V. - New York Re,1731.87,-0.73,674416,0.53,53.61,空头,1694.185,1719.515,,
表格,SPGI,S&P Global Inc.,404.56,-0.48,670283,0.37,40.37,空头,415.952,422.975,,
表格,DG,Dollar General Corporation,123.445,2.36,669394,0.23,48.45,空头,124.428,124.414,,
表格,IFF,International Flavors & Fragran,85.78,0.08,669124,0.41,57.62,空头,84.372,82.46,,
表格,TKO,"TKO Group Holdings, Inc.",181.84,-3.83,668049,0.6,40.8,空头,188.957,187.816,,
表格,STT,State Street Corporation,181.23,0.71,661112,0.4,39.59,空头,186.476,187.112,,
表格,CRL,Charles River Laboratories Inte,298.12,7.5,655989,0.7,64.75,多头,280.787,266.706,,
表格,ISRG,"Intuitive Surgical, Inc.",401.1,0.7,653707,0.28,63.6,多头,381.827,373.642,,
表格,OHI,"Omega Healthcare Investors, Inc",46.56,0.84,652518,0.33,46.12,空头,46.864,47.704,,
表格,WCN,"Waste Connections, Inc.",156.15,0.48,651481,0.62,33.7,多头,160.05,165.136,,
表格,UNM,Unum Group,92.4,-2.18,650993,0.33,47.91,空头,93.551,90.905,,
表格,ES,Eversource Energy (D/B/A),64.425,-0.75,648938,0.29,28.66,空头,67.992,70.582,,
表格,FDXF,"FedEx Freight Holding Company, ",115.12,-3.44,645418,0.4,32.75,空头,125.785,136.988,,
表格,SAP,SAP  SE,209.25,-0.65,642667,0.3,50.44,多头,210.738,198.79,,
表格,AMGN,Amgen Inc.,405.23,-0.21,642153,0.22,52.0,多头,400.822,401.541,,
表格,TTE,TotalEnergies SE,91.64,-0.03,640810,0.41,57.16,空头,90.348,87.995,,
表格,NGG,"National Grid Transco, PLC Nati",75.355,0.14,636248,0.72,36.28,空头,77.273,79.65,,
表格,SNPS,"Synopsys, Inc.",422.29,2.23,636027,0.3,58.31,空头,400.833,400.798,,
表格,PPG,"PPG Industries, Inc.",106.19,-0.94,629541,0.39,41.25,空头,107.991,112.285,,
表格,FERG,Ferguson Enterprises Inc.,221.51,0.15,627948,0.45,44.93,空头,223.016,232.479,,
表格,IQV,"IQVIA Holdings, Inc.",272.81,1.85,624474,0.39,65.51,多头,263.083,245.086,,
表格,CAH,"Cardinal Health, Inc.",224.755,1.57,623420,0.39,38.77,空头,231.831,232.997,,
表格,BTSG,"BrightSpring Health Services, I",56.005,0.4,614920,0.24,39.3,空头,58.629,62.305,,
表格,WRB,W.R. Berkley Corporation,67.81,0.21,613883,0.17,39.06,空头,69.328,70.524,,
表格,AJG,Arthur J. Gallagher & Co.,228.095,-0.67,610288,0.44,32.8,空头,245.619,252.009,,
表格,PHM,"PulteGroup, Inc.",118.06,-0.55,606323,0.39,40.53,多头,120.939,125.777,,
表格,LHX,"L3Harris Technologies, Inc.",240.67,0.61,605821,0.36,27.65,空头,253.258,270.864,,
表格,MPLX,MPLX LP,58.263,-0.93,603853,0.48,45.2,多头,58.927,58.387,,
表格,RBA,"RB Global, Inc.",82.445,-0.46,602096,0.34,38.53,多头,84.602,93.243,,
表格,HAS,"Hasbro, Inc.",86.745,0.26,599841,0.41,34.62,空头,90.018,91.074,,
表格,TRMB,Trimble Inc.,58.165,-1.95,599426,0.16,49.87,空头,58.312,57.448,,
表格,AXON,"Axon Enterprise, Inc.",442.555,-1.79,598630,0.6,35.09,空头,493.72,542.208,,
表格,FTI,TechnipFMC plc,71.155,-0.12,598291,0.2,37.72,空头,74.277,74.587,,
表格,TD,Toronto Dominion Bank (The),119.37,-0.03,597030,0.32,45.66,空头,120.881,120.827,,
表格,VMC,Vulcan Materials Company (Holdi,242.98,-0.58,590386,0.53,32.5,空头,254.166,270.333,,
表格,ELS,"Equity Lifestyle Properties, In",59.6,-0.13,587421,0.38,30.29,空头,61.603,63.871,,
表格,VRSK,"Verisk Analytics, Inc.",170.075,-1.0,585140,0.47,37.13,空头,179.559,187.748,,
表格,RGEN,Repligen Corporation,189.285,2.58,584120,0.63,69.71,多头,174.724,163.394,,
表格,TXT,Textron Inc.,76.87,0.08,582353,0.32,29.5,空头,80.487,85.095,,
表格,TEL,TE Connectivity plc,214.9,0.24,581596,0.28,59.41,多头,207.553,207.05,,
表格,ADP,"Automatic Data Processing, Inc.",262.63,-0.4,579610,0.26,40.3,空头,271.0,268.137,,
表格,BRO,"Brown & Brown, Inc.",60.885,-1.32,579562,0.29,26.65,空头,66.879,69.503,,
表格,ROKU,"Roku, Inc.",153.625,0.09,578460,0.25,48.01,多头,154.729,151.925,,
表格,CPT,Camden Property Trust,98.115,0.45,573101,0.57,24.64,空头,102.746,107.928,,
表格,LYV,"Live Nation Entertainment, Inc.",169.24,0.12,572177,0.29,38.8,空头,172.817,178.454,,
表格,EXEL,"Exelixis, Inc.",57.39,1.16,571751,0.26,54.14,空头,56.815,55.45,,
表格,TER,"Teradyne, Inc.",386.485,-0.68,561317,0.22,55.86,多头,366.865,366.215,,
表格,OMC,Omnicom Group Inc.,74.87,-0.82,557788,0.17,33.24,空头,79.42,81.909,,
表格,AWK,"American Water Works Company, I",132.52,-0.41,552728,0.28,36.41,空头,136.693,135.91,,
表格,VEEV,Veeva Systems Inc.,272.46,0.63,551694,0.28,62.08,多头,262.853,238.614,,
表格,BJ,"BJ's Wholesale Club Holdings, I",92.125,2.38,551489,0.35,49.05,空头,92.362,93.578,,
表格,EGP,"EastGroup Properties, Inc.",204.31,0.84,550529,1.16,59.68,多头,200.955,204.745,,
表格,DEO,Diageo plc,86.97,1.0,547382,0.55,44.55,空头,88.162,89.353,,
表格,NVT,nVent Electric plc,161.02,-1.12,544993,0.21,54.68,多头,156.039,156.476,,
表格,DTE,DTE Energy Company,122.3,-0.48,544833,0.35,17.82,空头,130.586,137.156,,
表格,QRVO,"Qorvo, Inc.",117.565,-1.69,541568,0.38,63.95,多头,109.82,98.534,,
表格,DLR,"Digital Realty Trust, Inc.",182.245,0.44,541348,0.25,45.97,多头,184.596,186.846,,
表格,BMRN,BioMarin Pharmaceutical Inc.,61.31,-1.45,540981,0.28,36.85,空头,64.47,63.895,,
表格,CNI,Canadian National Railway Compa,120.87,1.15,536353,0.38,45.43,空头,121.601,124.805,,
表格,TROW,"T. Rowe Price Group, Inc.",104.283,-0.27,531750,0.37,36.98,多头,106.241,110.647,,
表格,STZ,"Constellation Brands, Inc.",115.51,-0.91,527472,0.22,27.04,空头,123.746,129.447,,
表格,ASND,Ascendis Pharma A/S,226.83,1.66,522788,0.64,34.23,空头,247.22,252.552,,
表格,WPC,W. P. Carey Inc. REIT,65.8,-1.04,521472,0.35,22.82,空头,68.489,71.391,,
表格,PNW,Pinnacle West Capital Corporati,91.45,-0.65,520620,0.53,21.3,空头,95.725,99.572,,
表格,FER,Ferrovial N.V.,55.49,0.38,518369,0.37,35.35,多头,57.088,61.224,,
表格,TRI,Thomson Reuters Corp,99.7,1.27,516462,0.32,48.87,空头,100.474,100.535,,
表格,ATI,ATI Inc.,187.38,1.74,516204,0.25,40.12,空头,196.353,203.013,,
表格,PFG,Principal Financial Group Inc,113.75,-0.15,513819,0.35,48.78,多头,114.669,112.801,,
表格,MGA,"Magna International, Inc.",62.31,-2.23,510731,0.43,39.33,空头,65.046,67.102,,
表格,TXRH,"Texas Roadhouse, Inc.",160.36,-2.72,510683,0.54,17.04,空头,178.442,193.94,,
表格,BDX,"Becton, Dickinson and Company",181.04,-0.81,505801,0.28,50.71,多头,181.656,175.747,,
表格,REG,Regency Centers Corporation,72.94,0.29,505721,0.39,32.29,空头,74.172,76.595,,
表格,SCI,Service Corporation Internation,77.98,0.17,501565,0.59,37.95,空头,80.151,81.717,,
表格,AFL,AFLAC Incorporated,115.17,-0.05,497982,0.21,40.64,多头,116.592,119.991,,
表格,QSR,Restaurant Brands International,71.215,-0.62,494724,0.15,34.22,空头,74.909,75.254,,
表格,ETN,"Eaton Corporation, PLC",439.855,0.25,493884,0.24,59.76,多头,418.048,417.29,,
表格,MLI,"Mueller Industries, Inc.",60.3,-0.05,493880,0.27,41.16,空头,61.457,63.343,,
表格,VICR,Vicor Corporation,278.91,-1.5,493141,0.62,70.49,多头,215.263,211.466,,
表格,EXR,Extra Space Storage Inc,132.5,-1.0,491732,0.35,32.97,空头,137.822,142.733,,
表格,RRX,Regal Rexnord Corporation,150.445,-1.3,490443,0.39,35.89,空头,157.547,176.932,,
表格,UNP,Union Pacific Corporation,273.71,-0.66,489620,0.2,33.44,空头,284.719,292.771,,
表格,CDW,CDW Corporation,140.62,-3.79,489182,0.3,44.31,空头,146.158,141.619,,
表格,DE,Deere & Company,695.69,-1.94,488950,0.37,61.28,多头,673.898,636.766,,
表格,CB,Chubb Limited,336.46,0.37,485224,0.3,43.59,空头,339.74,344.317,,
表格,PTC,PTC Inc.,137.11,-2.34,479111,0.28,47.11,多头,138.884,139.482,,
表格,GD,General Dynamics Corporation,341.62,-0.5,478967,0.42,25.32,空头,359.677,374.717,,
表格,BURL,"Burlington Stores, Inc.",256.63,-0.27,475447,0.24,41.25,多头,261.36,313.408,,
表格,Q,"Qnity Electronics, Inc.",122.43,-1.66,473510,0.28,47.87,多头,122.469,129.07,,
表格,SBAC,SBA Communications Corporation,167.53,-1.76,473194,0.52,29.93,空头,180.572,181.83,,
表格,CME,CME Group Inc.,269.88,-0.34,473105,0.25,45.98,空头,273.926,267.045,,
表格,CHD,"Church & Dwight Company, Inc.",96.315,0.31,467440,0.25,45.7,多头,96.71,98.639,,
表格,COR,"Cencora, Inc.",312.54,0.08,466054,0.37,44.2,空头,318.713,316.948,,
表格,FUTU,Futu Holdings Limited,109.71,-0.25,462493,0.46,44.3,空头,113.253,110.31,,
表格,SQM,Sociedad Quimica y Minera S.A.,67.71,-1.98,459587,0.45,39.05,空头,71.708,71.577,,
表格,MOD,Modine Manufacturing Company,197.67,2.36,456196,0.38,53.98,多头,189.957,199.941,,
表格,MAA,Mid-America Apartment Communiti,118.305,0.45,454905,0.43,23.68,空头,124.268,129.927,,
表格,GNRC,Generac Holdlings Inc.,199.25,-0.09,454047,0.3,51.86,多头,194.792,201.751,,
表格,WAT,Waters Corporation,428.275,1.83,448963,0.71,61.91,多头,415.324,401.439,,
表格,MAR,Marriott International,352.43,0.22,435159,0.26,57.46,多头,343.017,353.245,,
表格,ELV,"Elevance Health, Inc.",395.34,-0.81,434972,0.38,44.12,空头,405.3,394.554,,
表格,BWXT,"BWX Technologies, Inc.",141.27,-0.38,431078,0.38,32.28,空头,151.117,161.472,,
表格,YPF,YPF Sociedad Anonima,53.72,-0.39,429614,0.33,52.1,空头,53.653,51.746,,
表格,DOV,Dover Corporation,188.35,-0.36,428349,0.32,38.88,多头,191.816,200.325,,
表格,NBIX,"Neurocrine Biosciences, Inc.",138.77,-0.52,425114,0.37,26.19,空头,150.858,160.215,,
表格,FROG,JFrog Ltd.,94.38,2.22,422752,0.22,55.23,多头,91.876,88.859,,
表格,HUM,Humana Inc.,378.04,0.87,418833,0.45,42.1,空头,388.823,387.177,,
表格,TIGO,Millicom International Cellular,91.705,-0.21,418546,0.52,42.87,空头,94.352,94.816,,
表格,TW,Tradeweb Markets Inc.,100.265,0.03,410522,0.33,41.69,空头,103.238,103.318,,
表格,TRGP,"Targa Resources, Inc.",282.92,-0.03,409758,0.36,46.04,空头,287.313,281.585,,
表格,MDB,"MongoDB, Inc.",418.91,-2.21,406521,0.21,56.57,多头,396.337,382.44,,
表格,CCK,"Crown Holdings, Inc.",107.065,-2.43,405519,0.45,27.79,空头,112.554,116.328,,
表格,ROST,"Ross Stores, Inc.",236.34,1.01,401938,0.19,55.79,多头,231.442,237.394,,
表格,CMI,Cummins Inc.,518.3,-1.21,401205,0.35,28.58,空头,549.816,598.114,,
表格,IRM,Iron Mountain Incorporated (Del,114.55,-0.47,400872,0.24,45.88,多头,115.473,119.828,,
表格,LMT,Lockheed Martin Corporation,528.78,0.78,400122,0.35,42.02,空头,539.042,554.754,,
表格,SPOT,Spotify Technology S.A.,510.06,-0.07,398661,0.27,43.99,空头,527.403,514.754,,
表格,AMP,"Ameriprise Financial, Inc.",485.42,-3.45,397280,0.73,23.55,空头,540.473,547.306,,
表格,KEYS,Keysight Technologies Inc.,357.145,1.07,394296,0.34,64.03,多头,333.052,327.975,,
表格,TT,Trane Technologies plc,440.28,0.73,391838,0.37,47.62,多头,439.582,456.481,,
表格,PWR,"Quanta Services, Inc.",648.51,2.14,391067,0.43,54.05,多头,632.833,641.289,,
表格,DGX,Quest Diagnostics Incorporated,235.68,1.15,387983,0.39,46.27,空头,239.621,234.488,,
表格,WDAY,"Workday, Inc.",191.095,-0.67,385971,0.11,51.6,多头,191.342,179.127,,
表格,ALNY,"Alnylam Pharmaceuticals, Inc.",247.78,0.52,384810,0.24,51.08,空头,245.929,245.35,,
表格,ATO,Atmos Energy Corporation,156.73,0.31,377777,0.39,25.19,空头,163.204,168.972,,
表格,XPO,"XPO, Inc.",180.745,0.46,375370,0.36,42.15,空头,183.614,196.279,,
表格,BNS,Bank Nova Scotia Halifax Pfd 3,91.85,-0.43,373514,0.18,49.02,空头,92.61,90.368,,
表格,SCCO,Southern Copper Corporation,201.38,-0.28,373310,0.33,53.72,多头,198.302,193.29,,
表格,HIG,"The Hartford Insurance Group, I",126.135,-0.36,372476,0.24,26.38,空头,134.091,137.861,,
表格,BNTX,BioNTech SE,98.705,0.25,372064,0.34,49.04,空头,99.194,97.598,,
表格,HSY,The Hershey Company,168.71,0.15,371979,0.27,36.83,空头,173.146,176.953,,
表格,CM,Canadian Imperial Bank of Comme,111.4,-0.04,371271,0.3,39.01,空头,114.739,117.225,,
表格,BG,Bunge Limited,111.455,-0.02,370337,0.18,40.45,空头,116.668,115.097,,
表格,SN,"SharkNinja, Inc.",172.4,2.32,370109,0.17,50.84,多头,171.503,171.258,,
表格,INCY,Incyte Corporation,123.38,-1.01,368331,0.26,48.27,多头,124.501,122.842,,
表格,GGG,Graco Inc.,77.643,-0.93,367130,0.14,48.77,多头,77.607,78.874,,
表格,VSAT,"ViaSat, Inc.",75.955,3.09,366773,0.21,53.46,空头,73.93,75.161,,
表格,ODFL,"Old Dominion Freight Line, Inc.",175.605,-1.19,360459,0.19,31.11,多头,184.382,204.137,,
表格,EXPD,Expeditors International of Was,184.325,-1.97,358989,0.38,44.02,空头,188.47,183.601,,
表格,NUE,Nucor Corporation,248.93,0.79,357003,0.3,45.4,多头,254.154,255.152,,
表格,HUBS,"HubSpot, Inc.",222.81,-1.42,355486,0.21,45.72,空头,232.098,231.509,,
表格,KSPI,Joint Stock Company Kaspi.kz - ,93.04,-0.87,352549,0.52,36.99,空头,98.15,95.071,,
表格,VRTX,Vertex Pharmaceuticals Incorpor,521.455,0.99,347109,0.34,49.98,多头,522.114,512.727,,
表格,BIIB,Biogen Inc.,225.845,-0.74,346600,0.4,60.83,多头,218.251,212.011,,
表格,ECL,Ecolab Inc.,275.395,-0.48,342162,0.27,48.59,多头,275.724,277.232,,
表格,SJM,The J.M. Smucker Company,123.045,0.52,341901,0.22,49.96,空头,123.357,121.29,,
表格,AER,AerCap Holdings N.V.,144.585,-0.12,340768,0.3,50.05,多头,143.931,147.524,,
表格,PFGC,Performance Food Group Company,91.0,0.23,339340,0.22,30.45,多头,95.473,104.449,,
表格,SSNC,"SS&C Technologies Holdings, Inc",78.52,-1.51,338476,0.21,42.75,空头,80.422,78.648,,
表格,MTSI,MACOM Technology Solutions Hold,277.32,0.54,334534,0.25,52.4,多头,269.86,273.68,,
表格,MTZ,"MasTec, Inc.",215.655,-0.86,332631,0.21,36.25,多头,233.882,271.255,,
表格,HCA,"HCA Healthcare, Inc.",431.33,-1.18,332165,0.22,59.09,多头,422.027,408.303,,
表格,DVA,DaVita Inc.,176.98,-3.36,331496,0.47,39.56,空头,184.05,197.41,,
表格,MSI,"Motorola Solutions, Inc.",459.845,-0.13,328969,0.35,46.56,空头,464.667,454.489,,
表格,PNFP,"Pinnacle Financial Partners, In",93.23,-0.18,326655,0.33,29.3,空头,98.283,101.513,,
表格,SWK,"Stanley Black & Decker, Inc.",90.3,-1.59,325501,0.19,42.94,多头,92.012,94.547,,
表格,LDOS,"Leidos Holdings, Inc.",125.225,0.43,321968,0.25,40.62,空头,130.178,128.131,,
表格,ITW,Illinois Tool Works Inc.,271.56,-0.68,321506,0.26,47.01,多头,272.076,279.918,,
表格,WST,"West Pharmaceutical Services, I",373.94,-0.51,319593,0.56,67.43,多头,356.463,350.003,,
表格,TRV,"The Travelers Companies, Inc.",364.68,1.19,318414,0.21,45.4,空头,370.05,370.504,,
表格,SEIC,SEI Investments Company,103.765,-1.02,314209,0.38,38.16,空头,106.317,105.338,,
表格,FNV,Franco-Nevada Corporation,258.51,-0.92,310327,0.4,51.54,空头,259.879,241.706,,
表格,MELI,"MercadoLibre, Inc.",1764.565,-1.93,309324,0.58,37.25,空头,1860.741,1873.285,,
表格,L,Loews Corporation,105.82,0.74,307255,0.32,31.11,空头,108.61,112.031,,
表格,RL,Ralph Lauren Corporation,350.585,3.89,306239,0.43,50.11,多头,346.306,366.258,,
表格,MTB,M&T Bank Corporation,218.425,-0.53,303858,0.28,24.7,空头,232.212,241.753,,
表格,APD,"Air Products and Chemicals, Inc",286.575,-0.14,303185,0.27,40.72,空头,292.549,298.092,,
表格,PSA,Public Storage,285.16,-0.55,301860,0.35,31.7,空头,298.55,310.982,,
表格,ALLE,Allegion plc,152.595,-0.97,300570,0.21,45.47,多头,154.385,155.832,,
表格,DD,"DuPont de Nemours, Inc.",130.745,-0.1,295603,0.24,45.98,多头,131.086,135.931,,
表格,TOL,"Toll Brothers, Inc.",135.54,0.2,294284,0.3,41.82,多头,137.86,145.079,,
表格,BR,"Broadridge Financial Solutions,",162.465,-0.6,292174,0.26,40.27,空头,168.598,165.805,,
表格,PEN,"Penumbra, Inc.",319.91,0.15,290294,0.78,47.83,多头,320.111,321.507,,
表格,SPG,"Simon Property Group, Inc.",205.055,0.44,290037,0.22,38.25,空头,207.674,216.413,,
表格,SLF,Sun Life Financial Inc.,79.37,-0.74,287754,0.28,46.67,空头,80.019,80.276,,
表格,RY,Royal Bank Of Canada,199.145,-0.15,286775,0.26,36.74,空头,204.879,208.397,,
表格,RSG,"Republic Services, Inc.",213.44,0.16,286678,0.17,38.75,空头,218.843,217.93,,
表格,H,Hyatt Hotels Corporation,158.26,0.62,284697,0.38,37.24,空头,162.932,174.009,,
表格,LSCC,Lattice Semiconductor Corporati,120.79,-0.72,282245,0.18,54.54,多头,115.796,121.538,,
表格,EHC,Encompass Health Corporation,122.95,0.61,275504,0.33,57.41,空头,121.679,118.976,,
表格,LPLA,LPL Financial Holdings Inc.,297.73,-1.57,272764,0.43,23.58,空头,338.015,348.501,,
表格,MKSI,MKS Inc.,257.91,-1.83,270607,0.21,46.47,多头,259.45,285.911,,
表格,TYL,"Tyler Technologies, Inc.",329.003,-1.06,267205,0.26,41.99,空头,343.595,333.393,,
表格,CRS,Carpenter Technology Corporatio,401.36,1.6,266462,0.31,25.59,空头,440.382,504.711,,
表格,CORT,Corcept Therapeutics Incorporat,115.09,1.9,266027,0.15,54.61,多头,113.278,109.632,,
表格,JBL,Jabil Inc.,311.365,0.85,262058,0.25,50.35,空头,308.093,317.597,,
表格,UMBF,UMB Financial Corporation,134.35,0.37,261508,0.43,34.15,空头,138.399,142.888,,
表格,UTHR,United Therapeutics Corporation,472.25,-3.51,260558,0.36,30.44,空头,498.894,513.572,,
表格,JKHY,"Jack Henry & Associates, Inc.",148.125,-0.14,259445,0.25,36.56,空头,157.536,157.56,,
表格,UHS,"Universal Health Services, Inc.",179.094,-1.27,257678,0.34,57.49,多头,175.206,168.864,,
表格,WSM,"Williams-Sonoma, Inc.",228.805,0.43,256498,0.19,50.54,空头,227.481,232.548,,
表格,ALGN,"Align Technology, Inc.",146.55,-1.09,256002,0.28,35.37,空头,153.301,164.308,,
表格,CHKP,Check Point Software Technologi,137.875,-2.33,254615,0.22,54.59,多头,135.197,132.443,,
表格,GSAT,"Globalstar, Inc.",82.68,0.22,254245,0.42,55.59,多头,82.278,81.781,,
表格,J,Jacobs Solutions Inc.,138.595,-1.79,253176,0.31,38.12,空头,143.621,142.018,,
表格,JAZZ,Jazz Pharmaceuticals plc,233.782,-0.47,252993,0.23,37.26,空头,243.06,248.817,,
表格,REGN,"Regeneron Pharmaceuticals, Inc.",792.06,-1.22,252314,0.36,49.87,空头,796.212,771.326,,
表格,FIVE,"Five Below, Inc.",227.74,0.15,252106,0.19,41.76,空头,238.401,231.56,,
表格,ONC,BeOne Medicines Ltd.,357.67,-2.01,250589,0.67,52.76,多头,355.688,346.714,,
表格,PH,Parker-Hannifin Corporation,972.79,0.16,249654,0.4,52.15,多头,961.318,985.917,,
表格,SANM,Sanmina Corporation,224.945,1.38,248484,0.41,62.84,多头,204.048,200.259,,
表格,STRL,"Sterling Infrastructure, Inc.",517.85,1.14,240849,0.42,51.26,多头,503.991,544.806,,
表格,DTM,"DT Midstream, Inc.",125.155,-0.54,238032,0.24,38.91,空头,127.337,132.532,,
表格,RPM,RPM International Inc.,98.511,-1.55,237917,0.15,36.31,空头,101.887,106.652,,
表格,NTRS,Northern Trust Corporation,173.48,-0.29,237587,0.24,34.52,空头,180.762,183.38,,
表格,FN,Fabrinet,401.88,0.26,234807,0.29,43.84,空头,411.455,457.714,,
表格,VRSN,"VeriSign, Inc.",294.164,0.3,234112,0.32,51.8,多头,294.059,286.627,,
表格,MCK,McKesson Corporation,880.265,-0.03,232104,0.24,49.33,空头,885.467,870.56,,
表格,URI,"United Rentals, Inc.",1023.575,-0.82,228971,0.53,47.24,多头,1025.249,1066.175,,
表格,MCO,Moody's Corporation,467.75,-1.29,224621,0.32,42.4,多头,477.918,486.464,,
表格,WWD,"Woodward, Inc.",326.91,0.21,223997,0.3,39.44,多头,333.49,358.171,,
表格,STLD,"Steel Dynamics, Inc.",236.06,0.76,223603,0.22,47.09,空头,238.381,243.886,,
表格,MSCI,MSCI Inc.,557.65,0.35,220657,0.45,48.8,多头,557.313,567.583,,
表格,TLN,Talen Energy Corporation,302.34,0.67,219171,0.29,45.57,空头,304.903,328.085,,
表格,CASY,"Caseys General Stores, Inc.",597.83,0.09,216940,0.31,26.81,空头,665.228,779.63,,
表格,AZO,"AutoZone, Inc.",2862.32,0.67,216610,0.62,43.2,多头,2904.565,2983.367,,
表格,RMD,ResMed Inc.,221.34,-0.43,216287,0.15,45.55,多头,225.018,219.527,,
表格,EWBC,"East West Bancorp, Inc.",125.29,0.64,215585,0.25,39.39,空头,128.084,130.503,,
表格,FICO,Fair Isaac Corporation,876.7,-0.33,215178,0.54,30.12,空头,993.582,1098.255,,
表格,AIZ,"Assurant, Inc.",263.86,-1.16,211730,0.63,29.19,空头,279.417,280.998,,
表格,IT,"Gartner, Inc.",177.535,-0.55,207241,0.18,45.69,多头,184.302,175.337,,
表格,LH,Labcorp Holdings Inc.,305.51,0.5,206603,0.27,37.97,空头,319.047,315.054,,
表格,LECO,"Lincoln Electric Holdings, Inc.",266.4,0.38,206027,0.45,49.9,多头,265.145,268.67,,
表格,GWRE,"Guidewire Software, Inc.",150.91,-1.3,204409,0.12,43.24,空头,158.713,164.266,,
表格,SITM,SiTime Corporation,627.11,2.99,203534,0.48,53.83,多头,601.22,598.026,,
表格,ARGX,argenx SE,952.38,0.69,200817,0.86,42.67,空头,984.828,944.488,,
表格,ESS,"Essex Property Trust, Inc.",273.355,-0.04,200115,0.35,41.64,多头,276.209,283.981,,
表格,ONTO,Onto Innovation Inc.,278.0,-1.53,192441,0.21,51.5,多头,271.299,280.914,,
表格,IEX,IDEX Corporation,229.45,-0.1,192167,0.35,55.02,多头,226.171,228.981,,
表格,NOC,Northrop Grumman Corporation,517.15,0.53,191479,0.24,39.94,空头,528.797,540.362,,
表格,JBHT,"J.B. Hunt Transport Services, I",231.66,-1.27,190924,0.17,29.89,空头,253.974,269.165,,
表格,FFIV,"F5, Inc.",457.0,0.22,190150,0.35,69.38,多头,421.311,406.227,,
表格,BPOP,"Popular, Inc.",159.11,0.14,189899,0.34,32.49,空头,164.493,169.53,,
表格,TM,Toyota Motor Corporation,187.28,-1.62,189647,0.57,41.54,空头,192.603,189.583,,
表格,CW,Curtiss-Wright Corporation,548.27,0.57,187437,0.45,30.05,空头,580.214,651.851,,
表格,CPAY,"Corpay, Inc.",397.2,0.52,187280,0.43,44.66,空头,403.575,397.766,,
表格,AVY,Avery Dennison Corporation,170.065,-1.5,186924,0.15,46.25,多头,171.907,171.347,,
表格,SUI,"Sun Communities, Inc.",112.6,0.25,186783,0.15,33.07,空头,116.693,120.018,,
表格,NSC,Norfolk Southern Corporation,314.43,-0.18,184903,0.16,35.17,空头,323.737,334.079,,
表格,STE,STERIS plc (Ireland),209.455,-0.25,183649,0.27,35.41,多头,216.189,224.091,,
表格,CSL,Carlisle Companies Incorporated,317.89,-1.87,175996,0.26,37.7,多头,333.227,349.442,,
表格,RGLD,"Royal Gold, Inc.",251.75,-0.41,175168,0.26,53.25,多头,251.171,233.337,,
表格,ROP,"Roper Technologies, Inc.",363.08,-0.9,174685,0.21,30.8,空头,386.111,390.622,,
表格,ZBRA,Zebra Technologies Corporation,367.83,-0.86,174565,0.31,61.31,多头,352.818,335.536,,
表格,LAMR,Lamar Advertising Company,143.85,-0.26,172775,0.36,33.89,空头,147.284,152.345,,
表格,BLK,"BlackRock, Inc.",1065.68,0.45,171051,0.29,43.56,多头,1086.443,1104.425,,
表格,WAB,Westinghouse Air Brake Technolo,290.51,-0.59,169546,0.22,56.63,多头,284.968,287.872,,
表格,GPC,Genuine Parts Company,128.55,-0.16,169179,0.16,42.83,空头,131.462,130.455,,
表格,GRMN,Garmin Ltd.,289.92,0.81,167779,0.2,59.92,多头,281.385,280.711,,
表格,COKE,"Coca-Cola Consolidated, Inc.",189.576,1.11,167394,0.29,46.84,空头,192.399,189.309,,
表格,PKG,Packaging Corporation of Americ,238.1,-1.2,161889,0.26,51.12,多头,236.491,241.269,,
表格,PAYC,"Paycom Software, Inc.",222.99,0.59,158621,0.21,54.11,空头,223.096,202.412,,
表格,MPWR,"Monolithic Power Systems, Inc.",1342.51,-0.96,156297,0.23,59.66,多头,1252.333,1302.169,,
表格,RACE,Ferrari N.V.,411.793,-0.3,154495,0.44,51.2,多头,411.524,404.1,,
表格,TPL,Texas Pacific Land Corporation,335.48,-0.08,153878,0.4,38.12,空头,359.83,376.006,,
表格,LII,"Lennox International, Inc.",369.595,-0.74,153131,0.3,37.06,空头,378.622,426.906,,
表格,THC,Tenet Healthcare Corporation,254.78,-0.65,149771,0.18,44.32,空头,261.573,253.163,,
表格,BMO,Bank Of Montreal,170.325,-0.03,148512,0.19,41.53,空头,173.901,176.74,,
表格,ROK,"Rockwell Automation, Inc.",431.96,-0.21,147952,0.2,52.05,多头,426.581,440.704,,
表格,CLH,"Clean Harbors, Inc.",317.1,1.26,146220,0.39,52.04,多头,316.235,314.072,,
表格,HUBB,Hubbell Inc,465.22,0.33,145821,0.3,52.53,多头,458.295,473.784,,
表格,WTW,Willis Towers Watson Public Lim,295.29,-1.24,144260,0.29,29.83,空头,317.779,323.24,,
表格,CINF,Cincinnati Financial Corporatio,163.85,0.79,143860,0.23,33.99,空头,169.353,173.559,,
表格,JLL,Jones Lang LaSalle Incorporated,326.875,0.87,140973,0.43,34.45,空头,346.276,354.11,,
表格,AXSM,"Axsome Therapeutics, Inc.",193.745,0.15,140385,0.23,36.85,空头,207.349,215.776,,
表格,WSO,"Watsco, Inc.",321.68,-1.13,138510,0.26,53.83,多头,314.852,325.916,,
表格,EQIX,"Equinix, Inc.",1041.175,0.34,136052,0.26,50.71,多头,1036.604,1041.788,,
表格,MANH,"Manhattan Associates, Inc.",210.02,-0.17,133575,0.21,54.01,空头,209.22,196.403,,
表格,AEIS,"Advanced Energy Industries, Inc",275.635,-1.36,126475,0.23,48.83,多头,274.124,290.987,,
表格,MEDP,"Medpace Holdings, Inc.",620.43,0.53,126391,0.57,60.59,多头,605.528,589.929,,
表格,HII,"Huntington Ingalls Industries, ",271.175,0.51,121188,0.27,32.24,空头,282.886,294.7,,
表格,PAG,"Penske Automotive Group, Inc.",209.06,-0.29,117930,0.36,36.14,空头,214.447,214.526,,
表格,MTD,"Mettler-Toledo International, I",1521.21,1.93,117575,0.58,71.97,多头,1392.194,1380.277,,
表格,MOG-A,Moog Inc.,385.075,2.69,116398,0.49,55.26,多头,373.651,391.563,,
表格,ARW,"Arrow Electronics, Inc.",226.325,-0.22,113059,0.21,60.62,多头,216.217,212.578,,
表格,TDG,Transdigm Group Incorporated,1113.92,0.78,112789,0.29,40.08,多头,1132.573,1195.12,,
表格,NDSN,Nordson Corporation,323.235,0.56,110265,0.3,60.54,多头,315.135,309.33,,
表格,ULTA,"Ulta Beauty, Inc.",546.765,0.54,107978,0.15,53.42,多头,541.715,525.314,,
表格,TDY,Teledyne Technologies Incorpora,618.21,-0.46,107648,0.41,49.8,多头,614.261,637.667,,
表格,FIX,"Comfort Systems USA, Inc.",1657.15,1.92,104263,0.3,52.4,多头,1624.419,1667.271,,
表格,IDXX,"IDEXX Laboratories, Inc.",514.55,-1.43,104179,0.21,41.29,多头,524.607,548.611,,
表格,HEI,Heico Corporation,309.31,-0.41,103301,0.19,38.75,多头,316.74,340.87,,
表格,RS,"Reliance, Inc.",384.2,-0.11,102247,0.33,42.36,多头,392.469,399.648,,
表格,CR,Crane Company,204.0,-0.16,98335,0.24,50.02,空头,202.592,210.865,,
表格,MDGL,"Madrigal Pharmaceuticals, Inc.",514.43,0.27,97398,0.44,43.15,空头,528.349,528.233,,
表格,EME,"EMCOR Group, Inc.",753.11,0.17,95700,0.26,48.04,空头,755.809,770.662,,
表格,GWW,"W.W. Grainger, Inc.",1283.325,1.0,88862,0.36,47.21,多头,1285.871,1317.636,,
表格,RNR,RenaissanceRe Holdings Ltd.,331.745,0.9,87638,0.31,57.24,多头,327.517,324.351,,
表格,EG,"Everest Group, Ltd.",375.04,0.72,84791,0.21,51.67,多头,374.097,373.345,,
表格,CACI,"CACI International, Inc.",625.405,1.41,84628,0.32,52.45,空头,624.419,587.858,,
表格,NVMI,Nova Ltd.,363.2,-0.69,75692,0.12,47.72,空头,362.5,388.156,,
表格,KRYS,"Krystal Biotech, Inc.",343.14,0.41,75118,0.28,48.99,空头,344.044,343.2,,
表格,WCC,"WESCO International, Inc.",362.28,-0.98,71007,0.14,57.4,多头,348.343,345.751,,
表格,RBC,RBC Bearings Incorporated,504.54,0.86,69882,0.22,49.16,多头,499.97,532.491,,
表格,SNA,Snap-On Incorporated,368.955,-0.35,67744,0.23,28.1,空头,378.734,394.239,,
表格,AIT,Applied Industrial Technologies,333.405,-0.02,65843,0.21,54.63,多头,326.844,337.577,,
表格,BAP,Credicorp Ltd.,381.01,-1.13,59924,0.17,50.68,多头,380.473,382.908,,
表格,ESLT,Elbit Systems Ltd.,745.767,0.44,44867,0.66,52.26,多头,737.566,762.477,,
表格,DDS,"Dillard's, Inc.",655.0,1.45,42075,0.22,59.12,空头,636.875,612.856,,
表格,UI,Ubiquiti Inc.,568.63,-0.83,38571,0.22,48.76,空头,573.333,563.986,,
表格,MKL,Markel Group Inc.,1748.295,0.37,27625,0.41,33.53,空头,1791.133,1852.448,,
表格,FCNCA,"First Citizens BancShares, Inc.",2046.05,0.33,23515,0.36,35.86,空头,2134.163,2168.385,,
表格,NVR,"NVR, Inc.",6220.79,-0.33,15281,0.37,47.74,空头,6245.475,6314.574,,
表格,BRK-A,Berkshire Hathaway Inc.,760613.188,-0.58,114,0.51,49.55,空头,762255.84,758465.304,,
